movie_name,movie_href,movie_comment_num,movie_year,movie_country,movie_type
肖申克的救赎,https://movie.douban.com/subject/1292052/,3269988,1994,美国,犯罪
霸王别姬,https://movie.douban.com/subject/1291546/,2412175,1993,中国大陆 中国香港,爱情 同性
泰坦尼克号,https://movie.douban.com/subject/1292722/,2486494,1997,美国,爱情 灾难
阿甘正传,https://movie.douban.com/subject/1292720/,2420336,1994,美国,爱情
千与千寻,https://movie.douban.com/subject/1291561/,2524959,2001,日本,动画 奇幻
美丽人生,https://movie.douban.com/subject/1292063/,1476046,1997,意大利,喜剧 爱情 战争
星际穿越,https://movie.douban.com/subject/1889243/,2168240,2014,美国 英国 加拿大,科幻 冒险
这个杀手不太冷,https://movie.douban.com/subject/1295644/,2542988,1994,法国 美国,动作 犯罪
盗梦空间,https://movie.douban.com/subject/3541415/,2315194,2010,美国 英国,科幻 悬疑 冒险
楚门的世界,https://movie.douban.com/subject/1292064/,2007526,1998,美国,科幻
辛德勒的名单,https://movie.douban.com/subject/1295124/,1242356,1993,美国,历史 战争
忠犬八公的故事,https://movie.douban.com/subject/3011091/,1537445,2009,美国 英国,未知
海上钢琴师,https://movie.douban.com/subject/1292001/,1871975,1998,意大利,音乐
疯狂动物城,https://movie.douban.com/subject/25662329/,2306388,2016,美国,喜剧 动画 冒险
三傻大闹宝莱坞,https://movie.douban.com/subject/3793023/,2070276,2009,印度,喜剧 爱情 歌舞
机器人总动员,https://movie.douban.com/subject/2131459/,1484570,2008,美国,科幻 动画 冒险
放牛班的春天,https://movie.douban.com/subject/1291549/,1467364,2004,法国 瑞士 德国,音乐
无间道,https://movie.douban.com/subject/1307914/,1557301,2002,中国香港,犯罪 惊悚
控方证人,https://movie.douban.com/subject/1296141/,736954,1957,美国,犯罪 悬疑 惊悚
寻梦环游记,https://movie.douban.com/subject/20495023/,1976286,2017,美国,喜剧 动画 奇幻 音乐
大话西游之大圣娶亲,https://movie.douban.com/subject/1292213/,1703242,1995,中国香港 中国大陆,喜剧 爱情 奇幻 古装
熔炉,https://movie.douban.com/subject/5912992/,1032570,2011,韩国,未知
触不可及,https://movie.douban.com/subject/6786002/,1289455,2011,法国,喜剧
教父,https://movie.douban.com/subject/1291841/,1101924,1972,美国,犯罪
末代皇帝,https://movie.douban.com/subject/1293172/,1024082,1987,英国 意大利 中国大陆 法国,传记 历史
哈利·波特与魔法石,https://movie.douban.com/subject/1295038/,1415336,2001,美国 英国,奇幻 冒险
当幸福来敲门,https://movie.douban.com/subject/1849031/,1681675,2006,美国,传记 家庭
龙猫,https://movie.douban.com/subject/1291560/,1405742,1988,日本,动画 奇幻 冒险
活着,https://movie.douban.com/subject/1292365/,966128,1994,中国大陆 中国香港,历史 家庭
怦然心动,https://movie.douban.com/subject/3319755/,2043660,2010,美国,喜剧 爱情
蝙蝠侠：黑暗骑士,https://movie.douban.com/subject/1851857/,1188420,2008,美国 英国,动作 科幻 犯罪 惊悚
指环王3：王者无敌,https://movie.douban.com/subject/1291552/,906478,2003,美国 新西兰,动作 奇幻 冒险
我不是药神,https://movie.douban.com/subject/26752088/,2342356,2018,中国大陆,喜剧
乱世佳人,https://movie.douban.com/subject/1300267/,791235,1939,美国,历史 爱情 战争
飞屋环游记,https://movie.douban.com/subject/2129039/,1493981,2009,美国,喜剧 动画 冒险
让子弹飞,https://movie.douban.com/subject/3742360/,1913577,2010,中国大陆 中国香港,喜剧 动作 西部
哈尔的移动城堡,https://movie.douban.com/subject/1308807/,1284133,2004,日本,爱情 动画 奇幻 冒险
十二怒汉,https://movie.douban.com/subject/1293182/,576133,1957,美国,未知
海蒂和爷爷,https://movie.douban.com/subject/25958717/,775608,2015,德国 瑞士,冒险 家庭
素媛,https://movie.douban.com/subject/21937452/,773216,2013,韩国,未知
猫鼠游戏,https://movie.douban.com/subject/1305487/,1204789,2002,美国 加拿大,传记 犯罪
天空之城,https://movie.douban.com/subject/1291583/,1005202,1986,日本,动画 奇幻 冒险
鬼子来了,https://movie.douban.com/subject/1291858/,712272,2000,中国大陆,喜剧
摔跤吧！爸爸,https://movie.douban.com/subject/26387939/,1739319,2016,印度,传记 运动 家庭
少年派的奇幻漂流,https://movie.douban.com/subject/1929463/,1485268,2012,美国 中国台湾 英国 加拿大,奇幻 冒险
钢琴家,https://movie.douban.com/subject/1296736/,747317,2002,英国 法国 波兰 德国 美国,传记 战争 音乐
指环王2：双塔奇兵,https://movie.douban.com/subject/1291572/,853637,2002,美国 新西兰,动作 奇幻 冒险
死亡诗社,https://movie.douban.com/subject/1291548/,876709,1989,美国,未知
大话西游之月光宝盒,https://movie.douban.com/subject/1299398/,1361164,1995,中国香港 中国大陆,喜剧 爱情 奇幻 古装
绿皮书,https://movie.douban.com/subject/27060077/,1884810,2018,美国 中国大陆,喜剧 传记 音乐
何以为家,https://movie.douban.com/subject/30170448/,1159171,2018,黎巴嫩 美国 法国 塞浦路斯 卡塔尔 英国,未知
闻香识女人,https://movie.douban.com/subject/1298624/,1018873,1992,美国,未知
大闹天宫,https://movie.douban.com/subject/1418019/,507581,1961,中国大陆,动画 奇幻 古装
黑客帝国,https://movie.douban.com/subject/1291843/,946527,1999,美国,动作 科幻
指环王1：护戒使者,https://movie.douban.com/subject/1291571/,956218,2001,新西兰 美国 英国,动作 奇幻 冒险
罗马假日,https://movie.douban.com/subject/1293839/,1045328,1953,美国,喜剧  爱情
教父2,https://movie.douban.com/subject/1299131/,637045,1974,美国,犯罪
狮子王,https://movie.douban.com/subject/1301753/,957280,1994,美国,动画 冒险 歌舞
天堂电影院,https://movie.douban.com/subject/1291828/,738714,1988,意大利 法国,爱情
饮食男女,https://movie.douban.com/subject/1291818/,722043,1994,中国台湾 美国,家庭
辩护人,https://movie.douban.com/subject/21937445/,656062,2013,韩国,未知
本杰明·巴顿奇事,https://movie.douban.com/subject/1485260/,1101614,2008,美国,爱情 奇幻
搏击俱乐部,https://movie.douban.com/subject/1292000/,970443,1999,美国,动作 悬疑 惊悚
美丽心灵,https://movie.douban.com/subject/1306029/,851342,2001,美国,传记
穿条纹睡衣的男孩,https://movie.douban.com/subject/3008247/,639822,2008,英国 美国,战争
情书,https://movie.douban.com/subject/1292220/,1320841,1995,日本,爱情
哈利·波特与死亡圣器(下),https://movie.douban.com/subject/3011235/,967406,2011,美国 英国,奇幻 冒险
两杆大烟枪,https://movie.douban.com/subject/1293350/,675574,1998,英国,喜剧 犯罪
窃听风暴,https://movie.douban.com/subject/1900841/,630192,2006,德国,悬疑
音乐之声,https://movie.douban.com/subject/1294408/,682117,1965,美国,传记 爱情 歌舞
功夫,https://movie.douban.com/subject/1291543/,1330974,2004,中国大陆 中国香港,动作 喜剧 犯罪 奇幻
哈利·波特与阿兹卡班的囚徒,https://movie.douban.com/subject/1291544/,887668,2004,英国 美国,奇幻 冒险
西西里的美丽传说,https://movie.douban.com/subject/1292402/,1090358,2000,意大利 美国,战争 情色
阿凡达,https://movie.douban.com/subject/1652587/,1581897,2009,美国,动作 科幻 冒险
看不见的客人,https://movie.douban.com/subject/26580232/,1436287,2016,西班牙,犯罪 悬疑 惊悚
拯救大兵瑞恩,https://movie.douban.com/subject/1292849/,722756,1998,美国,战争
沉默的羔羊,https://movie.douban.com/subject/1293544/,1013170,1991,美国,犯罪 惊悚
小鞋子,https://movie.douban.com/subject/1303021/,463953,1997,伊朗,儿童 家庭
布达佩斯大饭店,https://movie.douban.com/subject/11525673/,1082228,2014,美国 德国 英国,喜剧 冒险
蝴蝶效应,https://movie.douban.com/subject/1292343/,1064830,2004,美国 加拿大,悬疑 科幻 惊悚
飞越疯人院,https://movie.douban.com/subject/1292224/,602166,1975,美国,未知
禁闭岛,https://movie.douban.com/subject/2334904/,1109477,2010,美国,悬疑 惊悚
还有明天,https://movie.douban.com/subject/36445098/,365458,2023,意大利,喜剧 历史
心灵捕手,https://movie.douban.com/subject/1292656/,813059,1997,美国,未知
致命魔术,https://movie.douban.com/subject/1780330/,962112,2006,英国 美国,悬疑 惊悚
低俗小说,https://movie.douban.com/subject/1291832/,956778,1994,美国,喜剧 犯罪
超脱,https://movie.douban.com/subject/5322596/,720841,2011,美国,未知
哈利·波特与密室,https://movie.douban.com/subject/1296996/,913901,2002,英国 美国,奇幻 冒险
一一,https://movie.douban.com/subject/1292434/,507104,2000,中国台湾 日本,爱情 家庭
喜剧之王,https://movie.douban.com/subject/1302425/,1092200,1999,中国香港,喜剧  爱情
摩登时代,https://movie.douban.com/subject/1294371/,345980,1936,美国,喜剧 爱情
杀人回忆,https://movie.douban.com/subject/1300299/,834883,2003,韩国,动作 犯罪 悬疑 惊悚
致命ID,https://movie.douban.com/subject/1297192/,946046,2003,美国,悬疑 惊悚
春光乍泄,https://movie.douban.com/subject/1292679/,708156,1997,中国香港 日本 韩国,爱情 同性
加勒比海盗,https://movie.douban.com/subject/1298070/,966533,2003,美国,动作 冒险 奇幻
海豚湾,https://movie.douban.com/subject/3442220/,381996,2009,美国,纪录片
美国往事,https://movie.douban.com/subject/1292262/,470693,1984,美国 意大利,犯罪
红辣椒,https://movie.douban.com/subject/1865703/,568243,2006,日本,动画 悬疑 科幻 惊悚
七宗罪,https://movie.douban.com/subject/1292223/,1059504,1995,美国,犯罪 悬疑 惊悚
唐伯虎点秋香,https://movie.douban.com/subject/1306249/,1222310,1993,中国香港,喜剧 爱情 古装
狩猎,https://movie.douban.com/subject/6985810/,469135,2012,丹麦 瑞典,未知
幽灵公主,https://movie.douban.com/subject/1297359/,668272,1997,日本,动画 奇幻 冒险
甜蜜蜜,https://movie.douban.com/subject/1305164/,671493,1996,中国香港,爱情
寄生虫,https://movie.douban.com/subject/27010768/,1545640,2019,韩国,未知
天书奇谭,https://movie.douban.com/subject/1428581/,334059,1983,中国大陆,动画 奇幻
蝙蝠侠：黑暗骑士崛起,https://movie.douban.com/subject/3395373/,813053,2012,美国 英国,动作 科幻 犯罪 惊悚
7号房的礼物,https://movie.douban.com/subject/10777687/,621275,2013,韩国,喜剧 家庭
超能陆战队,https://movie.douban.com/subject/11026735/,1143356,2014,美国,喜剧 动作 科幻 动画 冒险
第六感,https://movie.douban.com/subject/1297630/,636336,1999,美国,悬疑 惊悚
茶馆,https://movie.douban.com/subject/1461403/,207954,1982,中国大陆,历史
爱在黎明破晓前,https://movie.douban.com/subject/1296339/,799087,1995,美国 奥地利 瑞士,爱情
爱在日落黄昏时,https://movie.douban.com/subject/1291990/,652434,2004,美国 法国,爱情
被嫌弃的松子的一生,https://movie.douban.com/subject/1787291/,774427,2006,日本,歌舞
哈利·波特与火焰杯,https://movie.douban.com/subject/1309055/,800394,2005,英国 美国,悬疑 奇幻 冒险
头脑特工队,https://movie.douban.com/subject/10533913/,804514,2015,美国,喜剧 动画 冒险
未麻的部屋,https://movie.douban.com/subject/1395091/,424647,1997,日本,犯罪 动画 悬疑 惊悚
重庆森林,https://movie.douban.com/subject/1291999/,921799,1994,中国香港,爱情
借东西的小人阿莉埃蒂,https://movie.douban.com/subject/4202302/,627172,2010,日本,动画 奇幻 冒险
入殓师,https://movie.douban.com/subject/2149806/,742496,2008,日本,未知
菊次郎的夏天,https://movie.douban.com/subject/1293359/,672954,1999,日本,喜剧
断背山,https://movie.douban.com/subject/1418834/,782097,2005,美国 加拿大,爱情 同性 家庭
剪刀手爱德华,https://movie.douban.com/subject/1292370/,1119839,1990,美国,爱情 奇幻
勇敢的心,https://movie.douban.com/subject/1294639/,605306,1995,美国,动作 传记  历史 战争
时空恋旅人,https://movie.douban.com/subject/10577869/,791946,2013,英国 美国,喜剧 爱情 奇幻
驯龙高手,https://movie.douban.com/subject/2353023/,864488,2010,美国,动画 奇幻 冒险
消失的爱人,https://movie.douban.com/subject/21318488/,1072526,2014,美国,犯罪 悬疑 惊悚
无人知晓,https://movie.douban.com/subject/1292337/,372116,2004,日本,未知
倩女幽魂,https://movie.douban.com/subject/1297447/,835236,1987,中国香港,爱情 奇幻 武侠 古装
傲慢与偏见,https://movie.douban.com/subject/1418200/,933054,2005,法国 英国 美国,爱情
新世界,https://movie.douban.com/subject/10437779/,526965,2013,韩国,犯罪
花样年华,https://movie.douban.com/subject/1291557/,804261,2000,中国香港,爱情
玩具总动员3,https://movie.douban.com/subject/1858711/,592282,2010,美国,喜剧 动画 奇幻 冒险
一个叫欧维的男人决定去死,https://movie.douban.com/subject/26628357/,568513,2015,瑞典,未知
完美的世界,https://movie.douban.com/subject/1300992/,359989,1993,美国,犯罪
色，戒,https://movie.douban.com/subject/1828115/,960242,2007,中国台湾 中国大陆 美国 中国香港,爱情 情色
阳光灿烂的日子,https://movie.douban.com/subject/1291875/,695376,1994,中国大陆 中国香港,爱情
怪兽电力公司,https://movie.douban.com/subject/1291579/,769871,2001,美国,儿童 喜剧 动画 奇幻 冒险
小森林 夏秋篇,https://movie.douban.com/subject/25814705/,473148,2014,日本,未知
天使爱美丽,https://movie.douban.com/subject/1292215/,1020713,2001,法国 德国,喜剧 爱情
教父3,https://movie.douban.com/subject/1294240/,432089,1990,美国,犯罪
侧耳倾听,https://movie.douban.com/subject/1297052/,520367,1995,日本,爱情 动画
哪吒闹海,https://movie.douban.com/subject/1307315/,308120,1979,中国大陆,冒险 动画 奇幻
九品芝麻官,https://movie.douban.com/subject/1297518/,793740,1994,中国香港,喜剧 古装
被解救的姜戈,https://movie.douban.com/subject/6307447/,692037,2012,美国,动作 西部 冒险
请以你的名字呼唤我,https://movie.douban.com/subject/26799731/,823986,2017,意大利 法国 巴西 美国,爱情 同性
幸福终点站,https://movie.douban.com/subject/1292274/,641926,2004,美国,喜剧  爱情
釜山行,https://movie.douban.com/subject/25986180/,1349574,2016,韩国,动作 惊悚 灾难
神偷奶爸,https://movie.douban.com/subject/3287562/,1046407,2010,美国 法国,喜剧 动画 冒险
小森林 冬春篇,https://movie.douban.com/subject/25814707/,420470,2015,日本,未知
喜宴,https://movie.douban.com/subject/1303037/,431470,1993,中国台湾 美国,喜剧 爱情 同性 家庭
萤火之森,https://movie.douban.com/subject/5989818/,610733,2011,日本,爱情 动画 奇幻
告白,https://movie.douban.com/subject/4268598/,743735,2010,日本,悬疑
玛丽和麦克斯,https://movie.douban.com/subject/3072124/,470648,2009,澳大利亚 美国,喜剧 动画
七武士,https://movie.douban.com/subject/1295399/,235538,1954,日本,动作 冒险
头号玩家,https://movie.douban.com/subject/4920389/,1516488,2018,美国,动作 科幻 冒险
模仿游戏,https://movie.douban.com/subject/10463953/,720028,2014,英国 美国,传记 战争 同性
惊魂记,https://movie.douban.com/subject/1293181/,356345,1960,美国,悬疑 惊悚 恐怖
大鱼,https://movie.douban.com/subject/1291545/,626943,2003,美国,爱情 奇幻 冒险
心灵奇旅,https://movie.douban.com/subject/24733428/,1142241,2020,美国,动画 奇幻 音乐
射雕英雄传之东成西就,https://movie.douban.com/subject/1316510/,717972,1993,中国香港,喜剧 奇幻 武侠 古装
血战钢锯岭,https://movie.douban.com/subject/26325320/,859640,2016,澳大利亚 美国,传记 历史 战争
背靠背，脸对脸,https://movie.douban.com/subject/1307856/,179789,1994,中国大陆 中国香港,未知
你的名字。,https://movie.douban.com/subject/26683290/,1592708,2016,日本,爱情 动画
机器人之梦,https://movie.douban.com/subject/35426925/,436585,2023,西班牙 法国,动画 音乐
我是山姆,https://movie.douban.com/subject/1306861/,376578,2001,美国,家庭
阳光姐妹淘,https://movie.douban.com/subject/4917726/,638604,2011,韩国,喜剧
恐怖直播,https://movie.douban.com/subject/21360417/,728382,2013,韩国,犯罪 悬疑
黑客帝国3：矩阵革命,https://movie.douban.com/subject/1302467/,497429,2003,美国,动作 科幻
小丑,https://movie.douban.com/subject/27119724/,1125555,2019,美国 加拿大,犯罪 惊悚
末路狂花,https://movie.douban.com/subject/1291992/,347115,1991,美国 英国 法国,犯罪  惊悚
三块广告牌,https://movie.douban.com/subject/26611804/,920238,2017,英国 美国,犯罪
谍影重重3,https://movie.douban.com/subject/1578507/,471033,2007,美国 德国 法国 英国,动作 悬疑 惊悚
电锯惊魂,https://movie.douban.com/subject/1417598/,613198,2004,美国,悬疑 惊悚 恐怖
高山下的花环,https://movie.douban.com/subject/1422283/,158830,1984,中国大陆,战争
无间道2,https://movie.douban.com/subject/1307106/,567183,2003,中国香港,犯罪 惊悚
达拉斯买家俱乐部,https://movie.douban.com/subject/1793929/,506060,2013,美国,传记 同性
疯狂原始人,https://movie.douban.com/subject/1907966/,921450,2013,美国,喜剧 动画 冒险
绿里奇迹,https://movie.douban.com/subject/1300374/,388403,1999,美国,犯罪  奇幻 悬疑
爱在午夜降临前,https://movie.douban.com/subject/10808442/,473591,2013,美国 希腊,爱情
疯狂的石头,https://movie.douban.com/subject/1862151/,926273,2006,中国大陆 中国香港,喜剧 犯罪
雨中曲,https://movie.douban.com/subject/1293460/,268870,1952,美国,喜剧 歌舞 爱情
2001太空漫游,https://movie.douban.com/subject/1292226/,396578,1968,英国 美国,科幻 惊悚 冒险
海街日记,https://movie.douban.com/subject/25895901/,521243,2015,日本,家庭
风之谷,https://movie.douban.com/subject/1291585/,393725,1984,日本,动画 奇幻 冒险
上帝之城,https://movie.douban.com/subject/1292208/,333535,2002,巴西 法国,犯罪
心迷宫,https://movie.douban.com/subject/25917973/,617778,2014,中国大陆,犯罪 悬疑
英雄本色,https://movie.douban.com/subject/1297574/,606393,1986,中国香港,动作 犯罪
记忆碎片,https://movie.douban.com/subject/1304447/,669122,2000,美国,犯罪  悬疑 惊悚
纵横四海,https://movie.douban.com/subject/1295409/,473836,1991,中国香港,喜剧 动作 犯罪
无敌破坏王,https://movie.douban.com/subject/6534248/,612358,2012,美国,喜剧 动画 奇幻 冒险
卢旺达饭店,https://movie.douban.com/subject/1291822/,367326,2004,英国 南非 意大利 美国,传记 历史 战争
东京教父,https://movie.douban.com/subject/1310177/,291372,2003,日本,喜剧 动画
小偷家族,https://movie.douban.com/subject/27622447/,895563,2018,日本,犯罪 家庭
恐怖游轮,https://movie.douban.com/subject/3011051/,990189,2009,英国 澳大利亚,科幻 悬疑 奇幻 惊悚
牯岭街少年杀人事件,https://movie.douban.com/subject/1292329/,369408,1991,中国台湾,犯罪
冰川时代,https://movie.douban.com/subject/1291578/,686229,2002,美国,喜剧 动画 冒险
魔女宅急便,https://movie.douban.com/subject/1307811/,524928,1989,日本,动画 奇幻 冒险
芙蓉镇,https://movie.douban.com/subject/1297880/,190013,1987,中国大陆,爱情
忠犬八公物语,https://movie.douban.com/subject/1959195/,218804,1987,日本,未知
岁月神偷,https://movie.douban.com/subject/3792799/,612874,2010,中国香港 中国大陆,家庭
荒蛮故事,https://movie.douban.com/subject/24750126/,517983,2014,阿根廷 西班牙,喜剧 犯罪
遗愿清单,https://movie.douban.com/subject/1867345/,538803,2007,美国,冒险 喜剧
大佛普拉斯,https://movie.douban.com/subject/27059130/,554386,2017,中国台湾,喜剧
源代码,https://movie.douban.com/subject/3075287/,926466,2011,美国 加拿大,科幻 悬疑 惊悚
花束般的恋爱,https://movie.douban.com/subject/34874432/,828034,2021,日本,爱情
疯狂的麦克斯4：狂暴之路,https://movie.douban.com/subject/3592854/,618976,2015,澳大利亚 美国,动作 科幻 冒险
白日梦想家,https://movie.douban.com/subject/2133323/,648147,2013,美国 英国,喜剧 冒险
可可西里,https://movie.douban.com/subject/1308857/,346781,2004,中国大陆 中国香港,犯罪
你看起来好像很好吃,https://movie.douban.com/subject/4848115/,376036,2010,日本,动画 儿童
贫民窟的百万富翁,https://movie.douban.com/subject/2209573/,807228,2008,英国,爱情
爱乐之城,https://movie.douban.com/subject/25934014/,1115446,2016,美国,爱情 歌舞
波西米亚狂想曲,https://movie.douban.com/subject/5300054/,690471,2018,英国 美国,传记 同性 音乐
城市之光,https://movie.douban.com/subject/1293908/,173076,1931,美国,喜剧  爱情
爆裂鼓手,https://movie.douban.com/subject/25773932/,691517,2014,美国,音乐
东邪西毒,https://movie.douban.com/subject/1292328/,635755,1994,中国香港 中国台湾,动作 爱情 武侠 古装
青蛇,https://movie.douban.com/subject/1303394/,601609,1993,中国香港 中国大陆,爱情 奇幻 古装
哈利·波特与死亡圣器(上),https://movie.douban.com/subject/2051007/,696382,2010,英国 美国,奇幻 冒险
无耻混蛋,https://movie.douban.com/subject/1438652/,562852,2009,德国 美国,犯罪
终结者2：审判日,https://movie.douban.com/subject/1291844/,386237,1991,美国 法国,动作 科幻
大红灯笼高高挂,https://movie.douban.com/subject/1293323/,372310,1991,中国大陆 中国香港 中国台湾,未知
黑天鹅,https://movie.douban.com/subject/1978709/,847288,2010,美国,惊悚
新龙门客栈,https://movie.douban.com/subject/1292287/,510388,1992,中国香港 中国大陆,动作 爱情 武侠 古装
初恋这件小事,https://movie.douban.com/subject/4739952/,1052218,2010,泰国,喜剧 爱情
人工智能,https://movie.douban.com/subject/1302827/,502950,2001,美国,科幻
千钧一发,https://movie.douban.com/subject/1300117/,350747,1997,美国,科幻 惊悚
崖上的波妞,https://movie.douban.com/subject/1959877/,575878,2008,日本,动画 奇幻 冒险
雨人,https://movie.douban.com/subject/1291870/,443366,1988,美国,未知
虎口脱险,https://movie.douban.com/subject/1296909/,296529,1966,法国 英国,喜剧 战争
哈利·波特与凤凰社,https://movie.douban.com/subject/1457217/,696181,2007,英国 美国,奇幻 冒险
彗星来的那一夜,https://movie.douban.com/subject/25807345/,685156,2013,美国 英国,科幻 悬疑 惊悚
罗生门,https://movie.douban.com/subject/1291879/,358659,1950,日本,犯罪 悬疑
海边的曼彻斯特,https://movie.douban.com/subject/25980443/,653303,2016,美国,家庭
恋恋笔记本,https://movie.douban.com/subject/1309163/,748587,2004,美国,爱情
真爱至上,https://movie.douban.com/subject/1292401/,808948,2003,英国 美国 法国,喜剧  爱情
火星救援,https://movie.douban.com/subject/25864085/,833228,2015,英国 美国 匈牙利 约旦,科幻 冒险
黑客帝国2：重装上阵,https://movie.douban.com/subject/1304141/,455909,2003,美国,动作 科幻
步履不停,https://movie.douban.com/subject/2222996/,328206,2008,日本,家庭
冰雪奇缘,https://movie.douban.com/subject/4202982/,829974,2013,美国,喜剧 动画 奇幻 歌舞
奇迹男孩,https://movie.douban.com/subject/26787574/,601119,2017,美国 中国香港,儿童 家庭
千年女优,https://movie.douban.com/subject/1307394/,318485,2001,日本,动画  爱情
战争之王,https://movie.douban.com/subject/1419936/,415824,2005,美国 德国,犯罪
谍影重重2,https://movie.douban.com/subject/1308767/,400135,2004,美国 德国,动作 悬疑 惊悚
蜘蛛侠：平行宇宙,https://movie.douban.com/subject/26374197/,757514,2018,美国,动作 科幻 动画 冒险
攻壳机动队,https://movie.douban.com/subject/1291936/,218322,1995,日本,动作 科幻 动画
血钻,https://movie.douban.com/subject/1428175/,422185,2006,美国 德国 英国,惊悚 冒险
小姐,https://movie.douban.com/subject/25977027/,576431,2016,韩国,悬疑 情色 同性
隐藏人物,https://movie.douban.com/subject/26615208/,272576,2016,美国,传记 历史
魂断蓝桥,https://movie.douban.com/subject/1293964/,310924,1940,美国,爱情 战争
血观音,https://movie.douban.com/subject/27113517/,561029,2017,中国台湾,悬疑
房间,https://movie.douban.com/subject/25724855/,400269,2015,爱尔兰 加拿大 英国 美国,家庭
