movie_name,movie_href,movie_comment_num,movie_year,movie_country,movie_type,stars5,stars4,stars3,stars2,stars1,star1_cnt,star2_cnt,star3_cnt,star4_cnt,star5_cnt,smooth_score,raw_avg
肖申克的救赎,https://movie.douban.com/subject/1292052/,3269988,1994,美国,犯罪,85.6,12.9,1.3,0.1,0.1,326999,326999,4250984,42182845,279910973,4.503890371815894,483.8
霸王别姬,https://movie.douban.com/subject/1291546/,2412175,1993,中国大陆 中国香港,爱情 同性,82.4,15.3,2.0,0.2,0.2,482435,482435,4824350,36906278,198763220,4.50163199371627,479.8
泰坦尼克号,https://movie.douban.com/subject/1292722/,2486494,1997,美国,爱情 灾难,76.9,19.9,2.9,0.2,0.1,248649,497299,7210833,49481231,191211389,4.500894298859868,473.3
阿甘正传,https://movie.douban.com/subject/1292720/,2420336,1994,美国,爱情,76.8,20.0,2.9,0.2,0.1,242034,484067,7018974,48406720,185881805,4.500792399889988,473.2
千与千寻,https://movie.douban.com/subject/1291561/,2524959,2001,日本,动画 奇幻,73.6,22.8,3.3,0.2,0.1,252496,504992,8332365,57569065,185836982,4.500410227408773,469.6
星际穿越,https://movie.douban.com/subject/1889243/,2168240,2014,美国 英国 加拿大,科幻 冒险,76.0,19.8,3.6,0.3,0.2,433648,650472,7805664,42931152,164786240,4.500215077562477,470.8
这个杀手不太冷,https://movie.douban.com/subject/1295644/,2542988,1994,法国 美国,动作 犯罪,72.8,23.0,3.7,0.3,0.2,508598,762896,9409056,58488724,185129526,4.500182785467564,467.9
盗梦空间,https://movie.douban.com/subject/3541415/,2315194,2010,美国 英国,科幻 悬疑 冒险,72.9,23.3,3.5,0.2,0.1,231519,463039,8103179,53944020,168777643,4.5000553812551995,468.7
美丽人生,https://movie.douban.com/subject/1292063/,1476046,1997,意大利,喜剧 爱情 战争,80.2,17.0,2.3,0.2,0.2,295209,295209,3394906,25092782,118378889,4.499853075548506,476.5
楚门的世界,https://movie.douban.com/subject/1292064/,2007526,1998,美国,科幻,72.6,23.8,3.3,0.2,0.1,200753,401505,6624836,47779119,145746388,4.499713354452362,468.6
辛德勒的名单,https://movie.douban.com/subject/1295124/,1242356,1993,美国,历史 战争,80.2,17.3,2.1,0.1,0.2,248471,124236,2608948,21492759,99636951,4.499518077984249,476.9
忠犬八公的故事,https://movie.douban.com/subject/3011091/,1537445,2009,美国 英国,未知,74.9,21.1,3.7,0.3,0.1,153744,461234,5688546,32440090,115154631,4.499354980341109,470.7
疯狂动物城,https://movie.douban.com/subject/25662329/,2306388,2016,美国,喜剧 动画 冒险,67.6,27.9,4.2,0.2,0.1,230639,461278,9686830,64348225,155911829,4.499252152119112,462.7
海上钢琴师,https://movie.douban.com/subject/1292001/,1871975,1998,意大利,音乐,70.9,24.0,4.4,0.4,0.2,374395,748790,8236690,44927400,132723028,4.4991967554381445,464.7
机器人总动员,https://movie.douban.com/subject/2131459/,1484570,2008,美国,科幻 动画 冒险,71.9,23.8,4.0,0.2,0.1,148457,296914,5938280,35332766,106740583,4.499032110079222,467.2
三傻大闹宝莱坞,https://movie.douban.com/subject/3793023/,2070276,2009,印度,喜剧 爱情 歌舞,68.9,25.4,5.0,0.5,0.2,414055,1035138,10351380,52585010,142642016,4.499031333581251,462.3
放牛班的春天,https://movie.douban.com/subject/1291549/,1467364,2004,法国 瑞士 德国,音乐,71.0,25.2,3.6,0.2,0.1,146736,293473,5282510,36977573,104182844,4.498968447673907,467.1
无间道,https://movie.douban.com/subject/1307914/,1557301,2002,中国香港,犯罪 惊悚,69.7,26.3,3.8,0.2,0.1,155730,311460,5917744,40957016,108543880,4.49892067794725,465.6
控方证人,https://movie.douban.com/subject/1296141/,736954,1957,美国,犯罪 悬疑 惊悚,82.0,16.1,1.7,0.1,0.1,73695,73695,1252822,11864959,60430228,4.498821085945531,479.8
熔炉,https://movie.douban.com/subject/5912992/,1032570,2011,韩国,未知,71.4,24.9,3.4,0.2,0.1,103257,206514,3510738,25710993,73725498,4.498586315738451,467.3
触不可及,https://movie.douban.com/subject/6786002/,1289455,2011,法国,喜剧,68.7,26.7,4.2,0.3,0.1,128946,386836,5415711,34428448,88585558,4.498569551127066,463.6
教父,https://movie.douban.com/subject/1291841/,1101924,1972,美国,犯罪,72.0,22.6,4.6,0.5,0.2,220385,550962,5068850,24903482,79338528,4.498563886234462,465.4
末代皇帝,https://movie.douban.com/subject/1293172/,1024082,1987,英国 意大利 中国大陆 法国,传记 历史,70.6,25.1,3.9,0.3,0.1,102408,307225,3993920,25704458,72300189,4.49848899376621,465.8
活着,https://movie.douban.com/subject/1292365/,966128,1994,中国大陆 中国香港,历史 家庭,70.4,25.3,3.9,0.3,0.1,96613,289838,3767899,24443038,68015411,4.498424386849195,465.6
大话西游之大圣娶亲,https://movie.douban.com/subject/1292213/,1703242,1995,中国香港 中国大陆,喜剧 爱情 奇幻 古装,66.8,26.3,6.0,0.6,0.3,510973,1021945,10219452,44795265,113776566,4.498416486529044,458.7
哈利·波特与魔法石,https://movie.douban.com/subject/1295038/,1415336,2001,美国 英国,奇幻 冒险,66.2,27.8,5.5,0.3,0.1,141534,424601,7784348,39346341,93695243,4.498363271743013,459.4
指环王3：王者无敌,https://movie.douban.com/subject/1291552/,906478,2003,美国 新西兰,动作 奇幻 冒险,71.3,23.3,4.9,0.4,0.2,181296,362591,4441742,21120937,64631881,4.498335971296997,465.4
蝙蝠侠：黑暗骑士,https://movie.douban.com/subject/1851857/,1188420,2008,美国 英国,动作 科幻 犯罪 惊悚,68.2,25.5,5.6,0.5,0.2,237684,594210,6655152,30304710,81050244,4.498311004655979,461.0
十二怒汉,https://movie.douban.com/subject/1293182/,576133,1957,美国,未知,76.1,20.6,3.0,0.2,0.1,57613,115227,1728399,11868340,43843721,4.498295323816475,472.4
乱世佳人,https://movie.douban.com/subject/1300267/,791235,1939,美国,历史 爱情 战争,70.9,24.4,4.2,0.3,0.2,158247,237370,3323187,19306134,56098562,4.4982603409600355,465.5
当幸福来敲门,https://movie.douban.com/subject/1849031/,1681675,2006,美国,传记 家庭,64.5,29.0,5.9,0.5,0.2,336335,840838,9921882,48768575,108468038,4.498236087680977,457.4
素媛,https://movie.douban.com/subject/21937452/,773216,2013,韩国,未知,69.6,26.3,3.7,0.2,0.1,77322,154643,2860899,20335581,53815834,4.4982328020935345,464.8
鬼子来了,https://movie.douban.com/subject/1291858/,712272,2000,中国大陆,喜剧,71.3,23.8,4.3,0.3,0.2,142454,213682,3062770,16952074,50784994,4.498203116067167,465.4
海蒂和爷爷,https://movie.douban.com/subject/25958717/,775608,2015,德国 瑞士,冒险 家庭,69.8,25.4,4.4,0.3,0.1,77561,232682,3412675,19700443,54137438,4.498201282425986,464.5
龙猫,https://movie.douban.com/subject/1291560/,1405742,1988,日本,动画 奇幻 冒险,64.4,29.5,5.8,0.2,0.1,140574,281148,8153304,41469389,90529785,4.4981996904422825,457.9
大闹天宫,https://movie.douban.com/subject/1418019/,507581,1961,中国大陆,动画 奇幻 古装,75.0,20.6,3.9,0.3,0.2,101516,152274,1979566,10456169,38068575,4.498132098328486,469.9
钢琴家,https://movie.douban.com/subject/1296736/,747317,2002,英国 法国 波兰 德国 美国,传记 战争 音乐,68.2,27.4,4.0,0.2,0.2,149463,149463,2989268,20476486,50967019,4.49812101471788,463.2
寻梦环游记,https://movie.douban.com/subject/20495023/,1976286,2017,美国,喜剧 动画 奇幻 音乐,62.8,30.0,6.7,0.4,0.2,395257,790514,13241116,59288580,124110761,4.498095523417626,455.1
指环王2：双塔奇兵,https://movie.douban.com/subject/1291572/,853637,2002,美国 新西兰,动作 奇幻 冒险,67.1,26.8,5.6,0.4,0.1,85364,341455,4780367,22877472,57279043,4.498065092527714,460.4
天空之城,https://movie.douban.com/subject/1291583/,1005202,1986,日本,动画 奇幻 冒险,65.0,29.2,5.4,0.3,0.1,100520,301561,5428091,29351898,65338130,4.498059125999123,458.7
死亡诗社,https://movie.douban.com/subject/1291548/,876709,1989,美国,未知,66.8,26.9,5.6,0.5,0.2,175342,438354,4909570,23583472,58564161,4.498038664399148,459.6
教父2,https://movie.douban.com/subject/1299131/,637045,1974,美国,犯罪,69.0,25.9,4.6,0.3,0.2,127409,191114,2930407,16499466,43956105,4.498035512544776,463.2
哈尔的移动城堡,https://movie.douban.com/subject/1308807/,1284133,2004,日本,爱情 动画 奇幻 冒险,63.8,29.0,6.5,0.5,0.2,256827,642066,8346864,37239857,81927685,4.497979987252358,455.7
辩护人,https://movie.douban.com/subject/21937445/,656062,2013,韩国,未知,66.4,28.7,4.6,0.3,0.1,65606,196819,3017885,18828979,43562517,4.497960991577612,461.29999999999995
天堂电影院,https://movie.douban.com/subject/1291828/,738714,1988,意大利 法国,爱情,66.0,27.9,5.5,0.4,0.1,73871,295486,4062927,20610121,48755124,4.497953996110077,459.0
猫鼠游戏,https://movie.douban.com/subject/1305487/,1204789,2002,美国 加拿大,传记 犯罪,61.5,33.1,5.1,0.2,0.1,120479,240958,6144424,39878516,74094524,4.497952954687739,455.70000000000005
怦然心动,https://movie.douban.com/subject/3319755/,2043660,2010,美国,喜剧 爱情,62.0,30.3,7.0,0.6,0.2,408732,1226196,14305620,61922898,126706920,4.497938154626799,453.6
飞屋环游记,https://movie.douban.com/subject/2129039/,1493981,2009,美国,喜剧 动画 冒险,61.4,32.0,6.2,0.3,0.1,149398,448194,9262682,47807392,91730433,4.497930826044257,454.3
饮食男女,https://movie.douban.com/subject/1291818/,722043,1994,中国台湾 美国,家庭,64.5,30.4,4.7,0.3,0.1,72204,216613,3393602,21950107,46571774,4.497921699335366,458.9
还有明天,https://movie.douban.com/subject/36445098/,365458,2023,意大利,喜剧 历史,73.7,21.2,4.2,0.6,0.4,146183,219275,1534924,7747710,26934255,4.497906086223655,467.5
摩登时代,https://movie.douban.com/subject/1294371/,345980,1936,美国,喜剧 爱情,71.0,24.8,3.8,0.2,0.1,34598,69196,1314724,8580304,24564580,4.497876538760868,466.1
茶馆,https://movie.douban.com/subject/1461403/,207954,1982,中国大陆,历史,80.6,16.8,2.4,0.2,0.1,20795,41591,499090,3493627,16761092,4.497873820198776,477.9
小鞋子,https://movie.douban.com/subject/1303021/,463953,1997,伊朗,儿童 家庭,66.9,28.4,4.3,0.2,0.1,46395,92791,1994998,13176265,31038456,4.497867453937367,461.5
黑客帝国,https://movie.douban.com/subject/1291843/,946527,1999,美国,动作 科幻,63.6,29.5,6.3,0.5,0.2,189305,473264,5963120,27922546,60199117,4.497862068827425,456.1
闻香识女人,https://movie.douban.com/subject/1298624/,1018873,1992,美国,未知,63.1,30.0,6.3,0.5,0.2,203775,509436,6418900,30566190,64290886,4.497857145305176,455.6
海豚湾,https://movie.douban.com/subject/3442220/,381996,2009,美国,纪录片,71.4,22.8,4.9,0.6,0.4,152798,229198,1871780,8709509,27274514,4.497856173143771,464.5
少年派的奇幻漂流,https://movie.douban.com/subject/1929463/,1485268,2012,美国 中国台湾 英国 加拿大,奇幻 冒险,61.6,31.3,6.5,0.5,0.2,297054,742634,9654242,46488888,91492509,4.497855820891214,453.9
指环王1：护戒使者,https://movie.douban.com/subject/1291571/,956218,2001,新西兰 美国 英国,动作 奇幻 冒险,63.9,28.6,6.8,0.6,0.2,191244,573731,6502282,27347835,61102330,4.497843242751871,455.7
穿条纹睡衣的男孩,https://movie.douban.com/subject/3008247/,639822,2008,英国 美国,战争,63.6,31.3,4.6,0.3,0.2,127964,191947,2943181,20026429,40692679,4.497837568456939,457.8
窃听风暴,https://movie.douban.com/subject/1900841/,630192,2006,德国,悬疑,64.6,29.4,5.4,0.4,0.2,126038,252077,3403037,18527645,40710403,4.4978330973728475,457.8
两杆大烟枪,https://movie.douban.com/subject/1293350/,675574,1998,英国,喜剧 犯罪,64.3,29.0,5.9,0.5,0.2,135115,337787,3985887,19591646,43439408,4.497816992728158,456.4
狮子王,https://movie.douban.com/subject/1301753/,957280,1994,美国,动画 冒险 歌舞,61.6,31.7,6.2,0.3,0.1,95728,287184,5935136,30345776,58968448,4.497804816898993,454.1
何以为家,https://movie.douban.com/subject/30170448/,1159171,2018,黎巴嫩 美国 法国 塞浦路斯 卡塔尔 英国,未知,60.2,33.8,5.5,0.4,0.1,115917,463668,6375440,39179980,69782094,4.497796844108887,453.6
天书奇谭,https://movie.douban.com/subject/1428581/,334059,1983,中国大陆,动画 奇幻,68.8,25.5,5.1,0.4,0.2,66812,133624,1703701,8518504,22983259,4.497782578779481,462.3
背靠背，脸对脸,https://movie.douban.com/subject/1307856/,179789,1994,中国大陆 中国香港,未知,75.7,21.6,2.3,0.2,0.1,17979,35958,413515,3883442,13610027,4.497779502616128,472.3
音乐之声,https://movie.douban.com/subject/1294408/,682117,1965,美国,传记 爱情 歌舞,62.8,30.7,6.1,0.3,0.1,68212,204635,4160914,20940992,42836948,4.497778209152733,455.79999999999995
高山下的花环,https://movie.douban.com/subject/1422283/,158830,1984,中国大陆,战争,79.6,16.7,3.1,0.3,0.2,31766,47649,492373,2652461,12642868,4.497775523926147,474.9
罗马假日,https://movie.douban.com/subject/1293839/,1045328,1953,美国,喜剧  爱情,60.8,32.4,6.4,0.3,0.1,104533,313598,6690099,33868627,63555942,4.497765675012237,453.5
七武士,https://movie.douban.com/subject/1295399/,235538,1954,日本,动作 冒险,71.6,23.2,4.5,0.5,0.3,70661,117769,1059921,5464482,16864521,4.497749935831779,465.6
一一,https://movie.douban.com/subject/1292434/,507104,2000,中国台湾 日本,爱情 家庭,66.4,25.7,6.7,0.9,0.4,202842,456394,3397597,13032573,33671706,4.497742111436095,457.1
飞越疯人院,https://movie.douban.com/subject/1292224/,602166,1975,美国,未知,63.4,29.7,6.1,0.6,0.2,120433,361300,3673213,17884330,38177324,4.497739853556188,455.5
美国往事,https://movie.douban.com/subject/1292262/,470693,1984,美国 意大利,犯罪,65.3,27.3,6.2,0.7,0.4,188277,329485,2918297,12849919,30736253,4.497724856566275,456.1
哪吒闹海,https://movie.douban.com/subject/1307315/,308120,1979,中国大陆,冒险 动画 奇幻,66.9,26.8,5.8,0.4,0.1,30812,123248,1787096,8257616,20613228,4.497722609773445,460.0
让子弹飞,https://movie.douban.com/subject/3742360/,1913577,2010,中国大陆 中国香港,喜剧 动作 西部,61.2,30.2,7.6,0.7,0.3,574073,1339504,14543185,57790025,117110912,4.4977095061908035,451.29999999999995
芙蓉镇,https://movie.douban.com/subject/1297880/,190013,1987,中国大陆,爱情,69.5,26.1,4.0,0.3,0.2,38003,57004,760052,4959339,13205904,4.497699361769923,464.7
城市之光,https://movie.douban.com/subject/1293908/,173076,1931,美国,喜剧  爱情,70.4,25.1,4.1,0.3,0.2,34615,51923,709612,4344208,12184550,4.497693160177695,465.5
美丽心灵,https://movie.douban.com/subject/1306029/,851342,2001,美国,传记,60.0,33.4,6.1,0.4,0.1,85134,340537,5193186,28434823,51080520,4.497689422874628,452.79999999999995
狩猎,https://movie.douban.com/subject/6985810/,469135,2012,丹麦 瑞典,未知,62.6,31.1,5.4,0.5,0.4,187654,234568,2533329,14590098,29367851,4.49768209540756,455.0
无人知晓,https://movie.douban.com/subject/1292337/,372116,2004,日本,未知,62.5,31.8,5.1,0.4,0.2,74423,148846,1897792,11833289,23257250,4.4976742377579,456.0
拯救大兵瑞恩,https://movie.douban.com/subject/1292849/,722756,1998,美国,战争,60.5,32.6,6.2,0.4,0.2,144551,289102,4481087,23561846,43726738,4.497673127327104,452.5
完美的世界,https://movie.douban.com/subject/1300992/,359989,1993,美国,犯罪,63.2,30.4,5.7,0.5,0.2,71998,179994,2051937,10943666,22751305,4.497667765022306,455.9
忠犬八公物语,https://movie.douban.com/subject/1959195/,218804,1987,日本,未知,66.0,27.7,5.7,0.5,0.2,43761,109402,1247183,6060871,14441064,4.497652428857654,459.1
摔跤吧！爸爸,https://movie.douban.com/subject/26387939/,1739319,2016,印度,传记 运动 家庭,59.4,33.1,6.9,0.5,0.2,347864,869660,12001301,57571459,103315549,4.497649152917374,451.3
未麻的部屋,https://movie.douban.com/subject/1395091/,424647,1997,日本,犯罪 动画 悬疑 惊悚,62.3,30.6,6.2,0.6,0.3,127394,254788,2632811,12994198,26455508,4.4976439747559676,454.0
搏击俱乐部,https://movie.douban.com/subject/1292000/,970443,1999,美国,动作 悬疑 惊悚,61.7,29.8,7.3,0.8,0.4,388177,776354,7084234,28919201,59876333,4.497642975429163,451.6
雨中曲,https://movie.douban.com/subject/1293460/,268870,1952,美国,喜剧 歌舞 爱情,63.4,30.2,5.9,0.4,0.2,53774,107548,1586333,8119874,17046358,4.497637673733083,456.5
大话西游之月光宝盒,https://movie.douban.com/subject/1299398/,1361164,1995,中国香港 中国大陆,喜剧 爱情 奇幻 古装,60.5,31.2,7.4,0.6,0.3,408349,816698,10072614,42468317,82350422,4.497637239646876,451.0
机器人之梦,https://movie.douban.com/subject/35426925/,436585,2023,西班牙 法国,动画 音乐,61.8,31.0,6.4,0.6,0.2,87317,261951,2794144,13534135,26980953,4.497636780717143,453.6
我不是药神,https://movie.douban.com/subject/26752088/,2342356,2018,中国大陆,喜剧,58.8,33.7,6.8,0.5,0.2,468471,1171178,15928021,78937397,137730533,4.497626206171789,450.4
红辣椒,https://movie.douban.com/subject/1865703/,568243,2006,日本,动画 悬疑 科幻 惊悚,61.4,30.2,7.3,0.8,0.3,170473,454594,4148174,17160939,34890120,4.4976001977954745,451.6
惊魂记,https://movie.douban.com/subject/1293181/,356345,1960,美国,悬疑 惊悚 恐怖,59.1,34.2,6.1,0.4,0.2,71269,142538,2173704,12186999,21059990,4.497577580318328,451.6
哈利·波特与死亡圣器(下),https://movie.douban.com/subject/3011235/,967406,2011,美国 英国,奇幻 冒险,60.2,31.0,8.0,0.6,0.2,193481,580444,7739248,29989586,58237841,4.497575547512229,450.4
小森林 冬春篇,https://movie.douban.com/subject/25814707/,420470,2015,日本,未知,60.1,32.0,7.1,0.6,0.2,84094,252282,2985337,13455040,25270247,4.497574677679437,451.2
教父3,https://movie.douban.com/subject/1294240/,432089,1990,美国,犯罪,60.2,31.8,7.3,0.6,0.2,86418,259253,3154250,13740430,26011758,4.497571897446732,451.5
东京教父,https://movie.douban.com/subject/1310177/,291372,2003,日本,喜剧 动画,59.6,32.9,6.8,0.5,0.2,58274,145686,1981330,9586139,17365771,4.4975638704990395,451.2
攻壳机动队,https://movie.douban.com/subject/1291936/,218322,1995,日本,动作 科幻 动画,60.7,31.2,7.1,0.7,0.3,65497,152825,1550086,6811646,13252145,4.4975590155344145,451.29999999999995
本杰明·巴顿奇事,https://movie.douban.com/subject/1485260/,1101614,2008,美国,爱情 奇幻,58.6,33.3,7.4,0.5,0.1,110161,550807,8151944,36683746,64554580,4.497551878754612,449.5
末路狂花,https://movie.douban.com/subject/1291992/,347115,1991,美国 英国 法国,犯罪  惊悚,59.0,33.1,7.0,0.6,0.2,69423,208269,2429805,11489506,20479785,4.4975494035040775,449.8
超脱,https://movie.douban.com/subject/5322596/,720841,2011,美国,未知,59.3,32.3,7.4,0.7,0.2,144168,504589,5334223,23283164,42745871,4.497547590047032,449.5
哈利·波特与阿兹卡班的囚徒,https://movie.douban.com/subject/1291544/,887668,2004,英国 美国,奇幻 冒险,58.6,33.4,7.6,0.4,0.1,88767,355067,6746277,29648111,52017345,4.497544362937178,450.29999999999995
上帝之城,https://movie.douban.com/subject/1292208/,333535,2002,巴西 法国,犯罪,58.4,33.9,6.9,0.5,0.2,66707,166768,2301392,11306836,19478444,4.497543208212874,449.5
小森林 夏秋篇,https://movie.douban.com/subject/25814705/,473148,2014,日本,未知,59.1,32.5,7.5,0.6,0.2,94630,283889,3548610,15377310,27963047,4.497542047062401,449.4
喜宴,https://movie.douban.com/subject/1303037/,431470,1993,中国台湾 美国,喜剧 爱情 同性 家庭,56.4,37.3,5.8,0.4,0.2,86294,172588,2502526,16093831,24334908,4.497524315437874,449.6
我是山姆,https://movie.douban.com/subject/1306861/,376578,2001,美国,家庭,57.5,34.6,7.2,0.5,0.2,75316,188289,2711362,13029599,21653235,4.497516397942603,448.70000000000005
玛丽和麦克斯,https://movie.douban.com/subject/3072124/,470648,2009,澳大利亚 美国,喜剧 动画,57.9,33.1,8.0,0.8,0.3,141194,376518,3765184,15578449,27250519,4.497473836206001,447.8
春光乍泄,https://movie.douban.com/subject/1292679/,708156,1997,中国香港 日本 韩国,爱情 同性,57.9,33.5,7.7,0.6,0.3,212447,424894,5452801,23723226,41002232,4.497471612946331,448.1
虎口脱险,https://movie.douban.com/subject/1296909/,296529,1966,法国 英国,喜剧 战争,57.1,32.9,8.9,0.8,0.3,88959,237223,2639108,9755804,16931806,4.497469660092618,445.7
新世界,https://movie.douban.com/subject/10437779/,526965,2013,韩国,犯罪,55.9,36.0,7.4,0.5,0.2,105393,263482,3899541,18970740,29457344,4.4974522622254565,446.9
隐藏人物,https://movie.douban.com/subject/26615208/,272576,2016,美国,传记 历史,53.2,38.7,7.5,0.5,0.2,54515,136288,2044320,10548691,14501043,4.4974491874261995,444.5
侧耳倾听,https://movie.douban.com/subject/1297052/,520367,1995,日本,爱情 动画,56.3,34.7,8.3,0.5,0.1,52037,260184,4319046,18056735,29296662,4.497448818603072,446.3
卢旺达饭店,https://movie.douban.com/subject/1291822/,367326,2004,英国 南非 意大利 美国,传记 历史 战争,54.1,38.3,7.0,0.5,0.2,73465,183663,2571282,14068586,19872337,4.49744771911538,445.9
绿里奇迹,https://movie.douban.com/subject/1300374/,388403,1999,美国,犯罪  奇幻 悬疑,56.6,34.0,8.4,0.8,0.3,116521,310722,3262585,13205702,21983610,4.497446974711984,446.1
风之谷,https://movie.douban.com/subject/1291585/,393725,1984,日本,动画 奇幻 冒险,55.8,34.9,8.6,0.5,0.2,78745,196862,3386035,13741002,21969855,4.497444563344393,445.6
心灵捕手,https://movie.douban.com/subject/1292656/,813059,1997,美国,未知,56.6,35.5,7.3,0.5,0.2,162612,406530,5935331,28863594,46019139,4.497440459185888,448.1
牯岭街少年杀人事件,https://movie.douban.com/subject/1292329/,369408,1991,中国台湾,犯罪,57.7,31.9,8.7,1.2,0.5,184704,443290,3213850,11784115,21314842,4.497439695138761,445.1
2001太空漫游,https://movie.douban.com/subject/1292226/,396578,1968,英国 美国,科幻 惊悚 冒险,60.2,28.4,8.9,1.6,0.9,356920,634525,3529544,11262815,23873996,4.497439277495186,445.4
7号房的礼物,https://movie.douban.com/subject/10777687/,621275,2013,韩国,喜剧 家庭,57.4,33.5,8.0,0.8,0.3,186382,497020,4970200,20812712,35661185,4.497436720048787,446.9
可可西里,https://movie.douban.com/subject/1308857/,346781,2004,中国大陆 中国香港,犯罪,54.1,37.3,7.9,0.5,0.2,69356,173390,2739570,12934931,18760852,4.497435732339982,444.6
你看起来好像很好吃,https://movie.douban.com/subject/4848115/,376036,2010,日本,动画 儿童,55.1,35.1,8.9,0.7,0.2,75207,263225,3346720,13198864,20719584,4.49741827963283,444.20000000000005
幽灵公主,https://movie.douban.com/subject/1297359/,668272,1997,日本,动画 奇幻 冒险,56.6,34.5,8.2,0.6,0.2,133654,400963,5479830,23055384,37824195,4.4974154475251895,447.0
玩具总动员3,https://movie.douban.com/subject/1858711/,592282,2010,美国,喜剧 动画 奇幻 冒险,55.8,35.1,8.6,0.4,0.1,59228,236913,5093625,20789098,33049336,4.497414047000964,446.1
一个叫欧维的男人决定去死,https://movie.douban.com/subject/26628357/,568513,2015,瑞典,未知,54.6,37.3,7.5,0.5,0.1,56851,284256,4263848,21205535,31040810,4.497409180094724,445.79999999999995
甜蜜蜜,https://movie.douban.com/subject/1305164/,671493,1996,中国香港,爱情,55.6,36.0,7.7,0.5,0.2,134299,335746,5170496,24173748,37335011,4.497405121530539,446.3
第六感,https://movie.douban.com/subject/1297630/,636336,1999,美国,悬疑 惊悚,54.9,37.0,7.5,0.5,0.1,63634,318168,4772520,23544432,34934846,4.4974047560320285,446.1
勇敢的心,https://movie.douban.com/subject/1294639/,605306,1995,美国,动作 传记  历史 战争,56.3,34.1,8.7,0.7,0.2,121061,423714,5266162,20640935,34078728,4.497393768158669,445.6
千年女优,https://movie.douban.com/subject/1307394/,318485,2001,日本,动画  爱情,53.8,35.3,9.6,0.9,0.3,95546,286636,3057456,11242520,17134493,4.497387809837276,441.1
借东西的小人阿莉埃蒂,https://movie.douban.com/subject/4202302/,627172,2010,日本,动画 奇幻 冒险,54.4,37.3,7.8,0.4,0.1,62717,250869,4891942,23393516,34118157,4.497384893143958,445.5
千钧一发,https://movie.douban.com/subject/1300117/,350747,1997,美国,科幻 惊悚,51.6,39.3,8.4,0.5,0.1,35075,175374,2946275,13784357,18098545,4.497380622202648,441.5
爱在日落黄昏时,https://movie.douban.com/subject/1291990/,652434,2004,美国 法国,爱情,56.5,33.7,8.6,0.8,0.3,195730,521947,5610932,21987026,36862521,4.497376793541408,445.0
步履不停,https://movie.douban.com/subject/2222996/,328206,2008,日本,家庭,50.9,40.0,8.2,0.6,0.2,65641,196924,2691289,13128240,16705685,4.497371765646887,440.5
大红灯笼高高挂,https://movie.douban.com/subject/1293323/,372310,1991,中国大陆 中国香港 中国台湾,未知,50.6,41.3,7.5,0.5,0.2,74462,186155,2792325,15376403,18838886,4.497360094483791,441.9
魂断蓝桥,https://movie.douban.com/subject/1293964/,310924,1940,美国,爱情 战争,50.6,39.7,9.0,0.6,0.2,62185,186554,2798316,12343683,15732754,4.49735893733801,440.20000000000005
谍影重重3,https://movie.douban.com/subject/1578507/,471033,2007,美国 德国 法国 英国,动作 悬疑 惊悚,52.9,37.8,8.7,0.5,0.1,47103,235516,4097987,17805047,24917646,4.497352261498451,442.9
杀人回忆,https://movie.douban.com/subject/1300299/,834883,2003,韩国,动作 犯罪 悬疑 惊悚,55.0,36.8,7.4,0.6,0.2,166977,500930,6178134,30723694,45918565,4.497348452643505,445.79999999999995
爱在午夜降临前,https://movie.douban.com/subject/10808442/,473591,2013,美国 希腊,爱情,54.6,35.0,9.2,0.9,0.3,142077,426232,4357037,16575685,25858069,4.497345756923961,442.7
终结者2：审判日,https://movie.douban.com/subject/1291844/,386237,1991,美国 法国,动作 科幻,51.7,38.3,9.5,0.4,0.1,38624,154495,3669252,14792877,19968453,4.497345554829555,441.1
罗生门,https://movie.douban.com/subject/1291879/,358659,1950,日本,犯罪 悬疑,51.9,38.1,9.0,0.8,0.3,107598,286927,3227931,13664908,18614402,4.497343769664382,440.8
沉默的羔羊,https://movie.douban.com/subject/1293544/,1013170,1991,美国,犯罪 惊悚,54.9,37.0,7.5,0.4,0.1,101317,405268,7598775,37487290,55623033,4.497340098718253,445.9
西西里的美丽传说,https://movie.douban.com/subject/1292402/,1090358,2000,意大利 美国,战争 情色,55.4,36.4,7.4,0.5,0.2,218072,545179,8068649,39689031,60405833,4.497331307464403,446.0
黑客帝国3：矩阵革命,https://movie.douban.com/subject/1302467/,497429,2003,美国,动作 科幻,54.3,35.0,9.7,0.8,0.2,99486,397943,4825061,17410015,27010395,4.497327387347708,442.4
达拉斯买家俱乐部,https://movie.douban.com/subject/1793929/,506060,2013,美国,传记 同性,50.4,41.6,7.5,0.4,0.1,50606,202424,3795450,21052096,25505424,4.497306120376759,441.8
菊次郎的夏天,https://movie.douban.com/subject/1293359/,672954,1999,日本,喜剧,54.6,35.7,8.7,0.8,0.2,134591,538363,5854700,24024458,36743288,4.497303517029172,443.70000000000005
哈利·波特与密室,https://movie.douban.com/subject/1296996/,913901,2002,英国 美国,奇幻 冒险,54.5,36.5,8.4,0.4,0.1,91390,365560,7676768,33357386,49807604,4.497290826345822,444.6
纵横四海,https://movie.douban.com/subject/1295409/,473836,1991,中国香港,喜剧 动作 犯罪,51.7,37.7,9.6,0.8,0.2,94767,379069,4548826,17863617,24497321,4.497268744716363,439.9
致命魔术,https://movie.douban.com/subject/1780330/,962112,2006,英国 美国,悬疑 惊悚,54.5,36.8,7.9,0.6,0.2,192422,577267,7600685,35405722,52435104,4.497263896062911,444.79999999999995
房间,https://movie.douban.com/subject/25724855/,400269,2015,爱尔兰 加拿大 英国 美国,家庭,47.2,43.7,8.5,0.4,0.1,40027,160108,3402286,17491755,18892697,4.497258434200877,437.20000000000005
幸福终点站,https://movie.douban.com/subject/1292274/,641926,2004,美国,喜剧  爱情,52.1,38.6,8.5,0.6,0.1,64193,385156,5456371,24778344,33444345,4.497256719154361,441.70000000000005
布达佩斯大饭店,https://movie.douban.com/subject/11525673/,1082228,2014,美国 德国 英国,喜剧 冒险,55.3,35.7,8.1,0.7,0.2,216446,757560,8766047,38635540,59847208,4.497254719681159,445.20000000000005
萤火之森,https://movie.douban.com/subject/5989818/,610733,2011,日本,爱情 动画 奇幻,54.5,34.2,10.1,0.9,0.3,183220,549660,6168403,20887069,33284948,4.4972544980552085,441.70000000000005
绿皮书,https://movie.douban.com/subject/27060077/,1884810,2018,美国 中国大陆,喜剧 传记 音乐,55.3,37.1,7.1,0.4,0.1,188481,753924,13382151,69926451,104229993,4.497251791743963,447.1
海街日记,https://movie.douban.com/subject/25895901/,521243,2015,日本,家庭,50.4,40.2,8.7,0.6,0.1,52124,312746,4534814,20953969,26270647,4.497250808330757,440.20000000000005
蝙蝠侠：黑暗骑士崛起,https://movie.douban.com/subject/3395373/,813053,2012,美国 英国,动作 科幻 犯罪 惊悚,54.3,35.8,8.9,0.7,0.2,162611,569137,7236172,29107297,44148778,4.497242863551024,443.0
低俗小说,https://movie.douban.com/subject/1291832/,956778,1994,美国,喜剧 犯罪,55.8,34.4,8.7,0.9,0.3,287033,861100,8323969,32913163,53388212,4.497240540737711,444.79999999999995
入殓师,https://movie.douban.com/subject/2149806/,742496,2008,日本,未知,53.0,37.7,8.6,0.6,0.2,148499,445498,6385466,27992099,39352288,4.49722983339487,443.0
被解救的姜戈,https://movie.douban.com/subject/6307447/,692037,2012,美国,动作 西部 冒险,52.0,38.9,8.3,0.6,0.2,138407,415222,5743907,26920239,35985924,4.497224733479872,441.9
谍影重重2,https://movie.douban.com/subject/1308767/,400135,2004,美国 德国,动作 悬疑 惊悚,47.1,42.4,9.8,0.5,0.1,40014,200068,3921323,16965724,18846358,4.497221398111132,435.6
蝴蝶效应,https://movie.douban.com/subject/1292343/,1064830,2004,美国 加拿大,悬疑 科幻 惊悚,54.2,37.1,7.9,0.6,0.2,212966,638898,8412157,39505193,57713786,4.49721620577408,444.5
雨人,https://movie.douban.com/subject/1291870/,443366,1988,美国,未知,47.2,43.1,9.1,0.5,0.1,44337,221683,4034631,19109075,20926875,4.497206414444481,436.8
阳光灿烂的日子,https://movie.douban.com/subject/1291875/,695376,1994,中国大陆 中国香港,爱情,52.5,37.7,8.8,0.7,0.3,208613,486763,6119309,26215675,36507240,4.4972030912272025,441.4
致命ID,https://movie.douban.com/subject/1297192/,946046,2003,美国,悬疑 惊悚,53.1,38.3,7.8,0.6,0.2,189209,567628,7379159,36233562,50235043,4.497197370366921,443.5
头脑特工队,https://movie.douban.com/subject/10533913/,804514,2015,美国,喜剧 动画 冒险,53.9,35.7,9.6,0.7,0.2,160903,563160,7723334,28721150,43363305,4.497190130673385,442.70000000000005
战争之王,https://movie.douban.com/subject/1419936/,415824,2005,美国 德国,犯罪,46.7,42.5,10.0,0.6,0.1,41582,249494,4158240,17672520,19418981,4.497189668071428,434.8
被嫌弃的松子的一生,https://movie.douban.com/subject/1787291/,774427,2006,日本,歌舞,55.0,34.0,9.3,1.2,0.5,387214,929312,7202171,26330518,42593485,4.497182954910241,441.8
无间道2,https://movie.douban.com/subject/1307106/,567183,2003,中国香港,犯罪 惊悚,50.0,39.7,9.6,0.6,0.1,56718,340310,5444957,22517165,28359150,4.497182734128046,438.9
爱在黎明破晓前,https://movie.douban.com/subject/1296339/,799087,1995,美国 奥地利 瑞士,爱情,54.4,34.4,9.8,1.0,0.3,239726,799087,7831053,27488593,43470333,4.497169331645988,441.3
魔女宅急便,https://movie.douban.com/subject/1307811/,524928,1989,日本,动画 奇幻 冒险,48.1,41.7,9.7,0.4,0.1,52493,209971,5091802,21889498,25249037,4.497160551811078,437.3
荒蛮故事,https://movie.douban.com/subject/24750126/,517983,2014,阿根廷 西班牙,喜剧 犯罪,48.1,41.9,9.1,0.7,0.2,103597,362588,4713645,21703488,24914982,4.497156543259049,437.0
大鱼,https://movie.douban.com/subject/1291545/,626943,2003,美国,爱情 奇幻 冒险,51.8,37.1,9.9,0.9,0.3,188083,564249,6206736,23259585,32475647,4.497156182786525,439.20000000000005
禁闭岛,https://movie.douban.com/subject/2334904/,1109477,2010,美国,悬疑 惊悚,52.7,38.9,7.7,0.5,0.1,110948,554738,8542973,43158655,58469438,4.49715466162494,443.3
血钻,https://movie.douban.com/subject/1428175/,422185,2006,美国 德国 英国,惊悚 冒险,44.8,45.1,9.5,0.5,0.1,42218,211092,4010758,19040544,18913888,4.497153735603849,434.0
阳光姐妹淘,https://movie.douban.com/subject/4917726/,638604,2011,韩国,喜剧,51.1,38.0,9.8,0.8,0.2,127721,510883,6258319,24266952,32632664,4.497147221324344,438.7
断背山,https://movie.douban.com/subject/1418834/,782097,2005,美国 加拿大,爱情 同性 家庭,53.5,35.6,9.7,0.8,0.4,312839,625678,7586341,27842653,41842190,4.497143234063589,441.0
情书,https://movie.douban.com/subject/1292220/,1320841,1995,日本,爱情,56.7,32.7,9.3,1.0,0.3,396252,1320841,12283821,43191501,74891685,4.497139089621518,444.5
哈利·波特与火焰杯,https://movie.douban.com/subject/1309055/,800394,2005,英国 美国,悬疑 奇幻 冒险,52.2,37.5,9.6,0.6,0.1,80039,480236,7683782,30014775,41780567,4.49713863976625,441.1
黑客帝国2：重装上阵,https://movie.douban.com/subject/1304141/,455909,2003,美国,动作 科幻,47.7,40.3,11.0,0.9,0.2,91182,410318,5014999,18373133,21746859,4.497129624216509,434.7
加勒比海盗,https://movie.douban.com/subject/1298070/,966533,2003,美国,动作 冒险 奇幻,52.4,38.3,8.7,0.5,0.1,96653,483266,8408837,37018214,50646329,4.4971285465112265,442.4
时空恋旅人,https://movie.douban.com/subject/10577869/,791946,2013,英国 美国,喜剧 爱情 奇幻,52.8,36.2,9.9,0.8,0.2,158389,633557,7840265,28668445,41814749,4.497126798415324,440.3
大佛普拉斯,https://movie.douban.com/subject/27059130/,554386,2017,中国台湾,喜剧,48.6,41.1,9.0,0.9,0.4,221754,498947,4989474,22785265,26943160,4.497116872729088,436.6
请以你的名字呼唤我,https://movie.douban.com/subject/26799731/,823986,2017,意大利 法国 巴西 美国,爱情 同性,54.8,33.3,10.1,1.2,0.5,411993,988783,8322259,27438734,45154433,4.497114951384123,440.4
电锯惊魂,https://movie.douban.com/subject/1417598/,613198,2004,美国,悬疑 惊悚 恐怖,51.0,37.0,10.6,1.0,0.4,245279,613198,6499899,22688326,31273098,4.497093517330145,437.2
新龙门客栈,https://movie.douban.com/subject/1292287/,510388,1992,中国香港 中国大陆,动作 爱情 武侠 古装,46.0,43.3,9.9,0.6,0.1,51039,306233,5052841,22099800,23477848,4.497092615934179,434.2
遗愿清单,https://movie.douban.com/subject/1867345/,538803,2007,美国,冒险 喜剧,47.6,41.2,10.5,0.7,0.1,53880,377162,5657432,22198684,25647023,4.49708969296179,435.8
心迷宫,https://movie.douban.com/subject/25917973/,617778,2014,中国大陆,犯罪 悬疑,48.1,42.4,8.6,0.7,0.3,185333,432445,5312891,26193787,29715122,4.49708842004138,437.6
功夫,https://movie.douban.com/subject/1291543/,1330974,2004,中国大陆 中国香港,动作 喜剧 犯罪 奇幻,55.9,33.4,9.8,0.8,0.2,266195,1064779,13043545,44454532,74401447,4.497086159842029,444.3
无敌破坏王,https://movie.douban.com/subject/6534248/,612358,2012,美国,喜剧 动画 奇幻 冒险,48.7,40.3,10.3,0.6,0.1,61236,367415,6307287,24678027,29821835,4.497083484839113,436.9
人工智能,https://movie.douban.com/subject/1302827/,502950,2001,美国,科幻,48.8,38.3,11.4,1.2,0.3,150885,603540,5733630,19262985,24543960,4.497083083516644,434.1
怪兽电力公司,https://movie.douban.com/subject/1291579/,769871,2001,美国,儿童 喜剧 动画 奇幻 冒险,49.7,40.7,9.2,0.4,0.1,76987,307948,7082813,31333750,38262589,4.497075899598737,439.8
模仿游戏,https://movie.douban.com/subject/10463953/,720028,2014,英国 美国,传记 战争 同性,49.1,41.1,9.2,0.5,0.1,72003,360014,6624258,29593151,35353375,4.49707451053129,438.6
告白,https://movie.douban.com/subject/4268598/,743735,2010,日本,悬疑,51.9,37.0,9.5,1.1,0.5,371868,818109,7065482,27518195,38599846,4.497063573945652,438.7
花样年华,https://movie.douban.com/subject/1291557/,804261,2000,中国香港,爱情,50.6,39.3,9.2,0.7,0.2,160852,562983,7399201,31607457,40695607,4.497057603667571,439.4
岁月神偷,https://movie.douban.com/subject/3792799/,612874,2010,中国香港 中国大陆,家庭,48.6,39.8,10.7,0.8,0.2,122575,490299,6557752,24392385,29785676,4.4970387372896585,436.09999999999997
无耻混蛋,https://movie.douban.com/subject/1438652/,562852,2009,德国 美国,犯罪,47.0,41.6,10.1,0.9,0.3,168856,506567,5684805,23414643,26454044,4.497033792657367,433.8
喜剧之王,https://movie.douban.com/subject/1302425/,1092200,1999,中国香港,喜剧  爱情,52.3,37.9,9.1,0.6,0.1,109220,655320,9939020,41394380,57122060,4.497031299751409,441.7
九品芝麻官,https://movie.douban.com/subject/1297518/,793740,1994,中国香港,喜剧 古装,49.0,41.1,9.4,0.4,0.1,79374,317496,7461156,32622714,38893260,4.497022541893596,438.5
驯龙高手,https://movie.douban.com/subject/2353023/,864488,2010,美国,动画 奇幻 冒险,49.8,40.4,9.3,0.4,0.1,86449,345795,8039738,34925315,43051502,4.497021703356433,439.4
倩女幽魂,https://movie.douban.com/subject/1297447/,835236,1987,中国香港,爱情 奇幻 武侠 古装,49.3,40.9,9.2,0.5,0.1,83524,417618,7684171,34161152,41177135,4.49701014595834,438.79999999999995
疯狂的麦克斯4：狂暴之路,https://movie.douban.com/subject/3592854/,618976,2015,澳大利亚 美国,动作 科幻 冒险,49.9,37.0,11.3,1.3,0.5,309488,804669,6994429,22902112,30886902,4.496992529340197,434.5
射雕英雄传之东成西就,https://movie.douban.com/subject/1316510/,717972,1993,中国香港,喜剧 奇幻 武侠 古装,52.9,33.2,11.5,1.7,0.7,502580,1220552,8256678,23836670,37980719,4.4969636138161,435.9
七宗罪,https://movie.douban.com/subject/1292223/,1059504,1995,美国,犯罪 悬疑 惊悚,51.0,39.1,9.0,0.6,0.2,211901,635702,9535536,41426606,54034704,4.4969576410156655,439.8
重庆森林,https://movie.douban.com/subject/1291999/,921799,1994,中国香港,爱情,51.3,37.6,9.9,0.9,0.3,276540,829619,9125810,34659642,47288289,4.496950255126623,438.70000000000005
恐怖直播,https://movie.douban.com/subject/21360417/,728382,2013,韩国,犯罪 悬疑,47.6,41.5,10.0,0.7,0.2,145676,509867,7283820,30227853,34670983,4.496942651493356,435.6
崖上的波妞,https://movie.douban.com/subject/1959877/,575878,2008,日本,动画 奇幻 冒险,45.9,41.1,11.9,0.8,0.2,115176,460702,6852948,23668586,26432800,4.496942055362297,431.4
记忆碎片,https://movie.douban.com/subject/1304447/,669122,2000,美国,犯罪  悬疑 惊悚,47.2,41.2,10.4,0.9,0.3,200737,602210,6958869,27567826,31582558,4.496932896701238,434.1
青蛇,https://movie.douban.com/subject/1303394/,601609,1993,中国香港 中国大陆,爱情 奇幻 古装,45.8,41.9,11.4,0.8,0.2,120322,481287,6858343,25207417,27553692,4.496925933684443,432.6
英雄本色,https://movie.douban.com/subject/1297574/,606393,1986,中国香港,动作 犯罪,44.5,43.5,11.4,0.5,0.1,60639,303196,6912880,26378096,26984488,4.496908767623047,431.8
白日梦想家,https://movie.douban.com/subject/2133323/,648147,2013,美国 英国,喜剧 冒险,47.1,39.3,12.3,1.1,0.2,129629,712962,7972208,25472177,30527724,4.496873013325881,432.0
东邪西毒,https://movie.douban.com/subject/1292328/,635755,1994,中国香港 中国台湾,动作 爱情 武侠 古装,47.7,38.3,12.1,1.4,0.5,317878,890057,7692636,24349416,30325514,4.496859932876841,431.29999999999995
冰川时代,https://movie.douban.com/subject/1291578/,686229,2002,美国,喜剧 动画 冒险,44.5,44.3,10.6,0.5,0.1,68623,343114,7274027,30399945,30537190,4.496857853484313,432.6
血观音,https://movie.douban.com/subject/27113517/,561029,2017,中国台湾,悬疑,42.5,45.1,11.2,0.9,0.3,168309,504926,6283525,25302408,23843732,4.496851770892453,428.6
波西米亚狂想曲,https://movie.douban.com/subject/5300054/,690471,2018,英国 美国,传记 同性 音乐,47.7,38.7,12.1,1.2,0.3,207141,828565,8354699,26721228,32935467,4.496841664107695,432.3
傲慢与偏见,https://movie.douban.com/subject/1418200/,933054,2005,法国 英国 美国,爱情,49.3,39.4,10.3,0.8,0.2,186611,746443,9610456,36762328,45999562,4.4968406024663246,436.8
阿凡达,https://movie.douban.com/subject/1652587/,1581897,2009,美国,动作 科幻 冒险,54.4,34.7,9.9,0.8,0.3,474569,1265518,15660780,54891826,86055197,4.496828364548117,442.4
爆裂鼓手,https://movie.douban.com/subject/25773932/,691517,2014,美国,音乐,46.9,40.2,11.2,1.2,0.5,345758,829820,7744990,27798983,32432147,4.496820592775126,431.8
奇迹男孩,https://movie.douban.com/subject/26787574/,601119,2017,美国 中国香港,儿童 家庭,42.7,44.4,12.1,0.7,0.1,60112,420783,7273540,26689684,25667781,4.49681325061675,428.9
三块广告牌,https://movie.douban.com/subject/26611804/,920238,2017,英国 美国,犯罪,46.8,43.4,8.9,0.7,0.2,184048,644167,8190118,39938329,43067138,4.496802261605065,435.9
小姐,https://movie.douban.com/subject/25977027/,576431,2016,韩国,悬疑 情色 同性,43.0,43.1,12.6,1.1,0.3,172929,634074,7263031,24844176,24786533,4.496787881704121,427.7
色，戒,https://movie.douban.com/subject/1828115/,960242,2007,中国台湾 中国大陆 美国 中国香港,爱情 情色,49.5,38.6,10.8,0.8,0.3,288073,768194,10370614,37065341,47531979,4.496787047045416,436.20000000000005
海边的曼彻斯特,https://movie.douban.com/subject/25980443/,653303,2016,美国,家庭,43.9,43.3,11.5,1.0,0.2,130661,653303,7512984,28288020,28680002,4.496786378670697,429.4
超能陆战队,https://movie.douban.com/subject/11026735/,1143356,2014,美国,喜剧 动作 科幻 动画 冒险,49.4,40.1,9.8,0.6,0.1,114336,686014,11204889,45848576,56481786,4.496769967703861,438.1
消失的爱人,https://movie.douban.com/subject/21318488/,1072526,2014,美国,犯罪 悬疑 惊悚,47.7,42.6,8.9,0.6,0.2,214505,643516,9545481,45689608,51159490,4.496749183296578,437.0
血战钢锯岭,https://movie.douban.com/subject/26325320/,859640,2016,澳大利亚 美国,传记 历史 战争,46.4,41.6,10.8,0.9,0.2,171928,773676,9284112,35761024,39887296,4.496718780726603,432.8
小丑,https://movie.douban.com/subject/27119724/,1125555,2019,美国 加拿大,犯罪 惊悚,51.0,37.3,10.0,1.1,0.6,675333,1238110,11255550,41983202,57403305,4.49671036563244,437.0
哈利·波特与死亡圣器(上),https://movie.douban.com/subject/2051007/,696382,2010,英国 美国,奇幻 冒险,45.3,40.2,13.1,1.1,0.3,208915,766020,9122604,27994556,31546105,4.496706697786534,429.1
小偷家族,https://movie.douban.com/subject/27622447/,895563,2018,日本,犯罪 家庭,45.1,44.7,9.4,0.7,0.2,179113,626894,8418292,40031666,40389891,4.496705415094189,434.1
疯狂原始人,https://movie.douban.com/subject/1907966/,921450,2013,美国,喜剧 动画 冒险,46.7,41.3,11.2,0.6,0.1,92145,552870,10320240,38055885,43031715,4.49670271245515,433.59999999999997
寄生虫,https://movie.douban.com/subject/27010768/,1545640,2019,韩国,未知,50.4,40.9,7.9,0.6,0.3,463692,927384,12210556,63216676,77900256,4.496702040025241,440.8
彗星来的那一夜,https://movie.douban.com/subject/25807345/,685156,2013,美国 英国,科幻 悬疑 惊悚,44.0,42.6,11.8,1.2,0.4,274062,822187,8084841,29187646,30146864,4.496700233264774,428.6
唐伯虎点秋香,https://movie.douban.com/subject/1306249/,1222310,1993,中国香港,喜剧 爱情 古装,49.2,40.0,10.0,0.6,0.1,122231,733386,12223100,48892400,60137652,4.496692492016322,437.3
天使爱美丽,https://movie.douban.com/subject/1292215/,1020713,2001,法国 德国,喜剧 爱情,50.0,36.7,11.8,1.2,0.3,306214,1224856,12044413,37460167,51035650,4.496663266320257,434.90000000000003
哈利·波特与凤凰社,https://movie.douban.com/subject/1457217/,696181,2007,英国 美国,奇幻 冒险,44.5,40.3,14.0,1.0,0.2,139236,696181,9746534,28056094,30980054,4.4966585697733175,427.9
蜘蛛侠：平行宇宙,https://movie.douban.com/subject/26374197/,757514,2018,美国,动作 科幻 动画 冒险,44.1,42.2,12.5,0.9,0.2,151503,681763,9468925,31967091,33406367,4.4966404791048475,428.8
看不见的客人,https://movie.douban.com/subject/26580232/,1436287,2016,西班牙,犯罪 悬疑 惊悚,48.8,41.5,9.1,0.5,0.1,143629,718144,13070212,59605910,70090806,4.496599304694131,438.4
剪刀手爱德华,https://movie.douban.com/subject/1292370/,1119839,1990,美国,爱情 奇幻,48.2,39.9,10.9,0.8,0.2,223968,895871,12206245,44681576,53976240,4.496591664708847,435.1
花束般的恋爱,https://movie.douban.com/subject/34874432/,828034,2021,日本,爱情,45.1,41.8,11.7,1.1,0.4,331214,910837,9687998,34611821,37344333,4.496590758970404,430.4
贫民窟的百万富翁,https://movie.douban.com/subject/2209573/,807228,2008,英国,爱情,42.9,44.7,11.5,0.7,0.2,161446,565060,9283122,36083092,34630081,4.49658878062467,429.4
神偷奶爸,https://movie.douban.com/subject/3287562/,1046407,2010,美国 法国,喜剧 动画 冒险,45.6,43.3,10.5,0.5,0.1,104641,523204,10987274,45309423,47716159,4.496574838102243,433.79999999999995
心灵奇旅,https://movie.douban.com/subject/24733428/,1142241,2020,美国,动画 奇幻 音乐,48.9,38.4,11.8,0.8,0.2,228448,913793,13478444,43862054,55855585,4.496556362724601,435.3
恋恋笔记本,https://movie.douban.com/subject/1309163/,748587,2004,美国,爱情,44.2,40.0,13.9,1.5,0.4,299435,1122880,10405359,29943480,33087545,4.496514561010029,426.1
疯狂的石头,https://movie.douban.com/subject/1862151/,926273,2006,中国大陆 中国香港,喜剧 犯罪,44.3,42.8,11.7,0.9,0.2,185255,833646,10837394,39644484,41033894,4.496494841315796,429.79999999999995
黑天鹅,https://movie.douban.com/subject/1978709/,847288,2010,美国,惊悚,42.3,45.0,11.6,0.8,0.3,254186,677830,9828541,38127960,35840282,4.4964830209352,428.2
火星救援,https://movie.douban.com/subject/25864085/,833228,2015,英国 美国 匈牙利 约旦,科幻 冒险,40.0,47.9,11.3,0.6,0.2,166646,499937,9415476,39911621,33329120,4.496437803073719,426.9
真爱至上,https://movie.douban.com/subject/1292401/,808948,2003,英国 美国 法国,喜剧  爱情,45.1,38.0,14.6,1.8,0.6,485369,1456106,11810641,30740024,36483555,4.496383182395205,425.5
源代码,https://movie.douban.com/subject/3075287/,926466,2011,美国 加拿大,科幻 悬疑 惊悚,40.9,47.0,11.4,0.6,0.1,92647,555880,10561712,43543902,37892459,4.496374116945847,428.0
冰雪奇缘,https://movie.douban.com/subject/4202982/,829974,2013,美国,喜剧 动画 奇幻 歌舞,40.6,45.3,13.1,0.8,0.2,165995,663979,10872659,37597822,33696944,4.496365260462282,425.29999999999995
恐怖游轮,https://movie.douban.com/subject/3011051/,990189,2009,英国 澳大利亚,科幻 悬疑 奇幻 惊悚,43.1,42.6,12.8,1.2,0.3,297057,1188227,12674419,42182051,42677146,4.496237194674554,427.0
釜山行,https://movie.douban.com/subject/25986180/,1349574,2016,韩国,动作 惊悚 灾难,44.1,43.9,10.9,0.8,0.3,404872,1079659,14710357,59246299,59516213,4.496056247340588,430.7
头号玩家,https://movie.douban.com/subject/4920389/,1516488,2018,美国,动作 科幻 冒险,48.1,38.0,12.1,1.3,0.4,606595,1971434,18349505,57626544,72943073,4.496009823156405,431.8
初恋这件小事,https://movie.douban.com/subject/4739952/,1052218,2010,泰国,喜剧 爱情,42.4,41.5,14.5,1.3,0.3,315665,1367883,15257161,43667047,44614043,4.495998050223722,424.4
爱乐之城,https://movie.douban.com/subject/25934014/,1115446,2016,美国,爱情 歌舞,43.7,37.8,15.8,2.2,0.6,669268,2453981,17624047,42163859,48744990,4.495728887992389,422.1
你的名字。,https://movie.douban.com/subject/26683290/,1592708,2016,日本,爱情 动画,43.5,38.7,15.8,1.6,0.4,637083,2548333,25164786,61637800,69282798,4.4951126533214385,423.3
