movie_name,movie_href,movie_comment_num,movie_year,movie_country,movie_type,stars5,stars4,stars3,stars2,stars1
肖申克的救赎,https://movie.douban.com/subject/1292052/,3269988,1994,美国,犯罪,85.6,12.9,1.3,0.1,0.1
霸王别姬,https://movie.douban.com/subject/1291546/,2412175,1993,中国大陆 中国香港,爱情 同性,82.4,15.3,2.0,0.2,0.2
泰坦尼克号,https://movie.douban.com/subject/1292722/,2486494,1997,美国,爱情 灾难,76.9,19.9,2.9,0.2,0.1
阿甘正传,https://movie.douban.com/subject/1292720/,2420336,1994,美国,爱情,76.8,20.0,2.9,0.2,0.1
千与千寻,https://movie.douban.com/subject/1291561/,2524959,2001,日本,动画 奇幻,73.6,22.8,3.3,0.2,0.1
美丽人生,https://movie.douban.com/subject/1292063/,1476046,1997,意大利,喜剧 爱情 战争,80.2,17.0,2.3,0.2,0.2
星际穿越,https://movie.douban.com/subject/1889243/,2168240,2014,美国 英国 加拿大,科幻 冒险,76.0,19.8,3.6,0.3,0.2
这个杀手不太冷,https://movie.douban.com/subject/1295644/,2542988,1994,法国 美国,动作 犯罪,72.8,23.0,3.7,0.3,0.2
盗梦空间,https://movie.douban.com/subject/3541415/,2315194,2010,美国 英国,科幻 悬疑 冒险,72.9,23.3,3.5,0.2,0.1
楚门的世界,https://movie.douban.com/subject/1292064/,2007526,1998,美国,科幻,72.6,23.8,3.3,0.2,0.1
辛德勒的名单,https://movie.douban.com/subject/1295124/,1242356,1993,美国,历史 战争,80.2,17.3,2.1,0.1,0.2
忠犬八公的故事,https://movie.douban.com/subject/3011091/,1537445,2009,美国 英国,未知,74.9,21.1,3.7,0.3,0.1
海上钢琴师,https://movie.douban.com/subject/1292001/,1871975,1998,意大利,音乐,70.9,24.0,4.4,0.4,0.2
疯狂动物城,https://movie.douban.com/subject/25662329/,2306388,2016,美国,喜剧 动画 冒险,67.6,27.9,4.2,0.2,0.1
三傻大闹宝莱坞,https://movie.douban.com/subject/3793023/,2070276,2009,印度,喜剧 爱情 歌舞,68.9,25.4,5.0,0.5,0.2
机器人总动员,https://movie.douban.com/subject/2131459/,1484570,2008,美国,科幻 动画 冒险,71.9,23.8,4.0,0.2,0.1
放牛班的春天,https://movie.douban.com/subject/1291549/,1467364,2004,法国 瑞士 德国,音乐,71.0,25.2,3.6,0.2,0.1
无间道,https://movie.douban.com/subject/1307914/,1557301,2002,中国香港,犯罪 惊悚,69.7,26.3,3.8,0.2,0.1
控方证人,https://movie.douban.com/subject/1296141/,736954,1957,美国,犯罪 悬疑 惊悚,82.0,16.1,1.7,0.1,0.1
寻梦环游记,https://movie.douban.com/subject/20495023/,1976286,2017,美国,喜剧 动画 奇幻 音乐,62.8,30.0,6.7,0.4,0.2
大话西游之大圣娶亲,https://movie.douban.com/subject/1292213/,1703242,1995,中国香港 中国大陆,喜剧 爱情 奇幻 古装,66.8,26.3,6.0,0.6,0.3
熔炉,https://movie.douban.com/subject/5912992/,1032570,2011,韩国,未知,71.4,24.9,3.4,0.2,0.1
触不可及,https://movie.douban.com/subject/6786002/,1289455,2011,法国,喜剧,68.7,26.7,4.2,0.3,0.1
教父,https://movie.douban.com/subject/1291841/,1101924,1972,美国,犯罪,72.0,22.6,4.6,0.5,0.2
末代皇帝,https://movie.douban.com/subject/1293172/,1024082,1987,英国 意大利 中国大陆 法国,传记 历史,70.6,25.1,3.9,0.3,0.1
哈利·波特与魔法石,https://movie.douban.com/subject/1295038/,1415336,2001,美国 英国,奇幻 冒险,66.2,27.8,5.5,0.3,0.1
当幸福来敲门,https://movie.douban.com/subject/1849031/,1681675,2006,美国,传记 家庭,64.5,29.0,5.9,0.5,0.2
龙猫,https://movie.douban.com/subject/1291560/,1405742,1988,日本,动画 奇幻 冒险,64.4,29.5,5.8,0.2,0.1
活着,https://movie.douban.com/subject/1292365/,966128,1994,中国大陆 中国香港,历史 家庭,70.4,25.3,3.9,0.3,0.1
怦然心动,https://movie.douban.com/subject/3319755/,2043660,2010,美国,喜剧 爱情,62.0,30.3,7.0,0.6,0.2
蝙蝠侠：黑暗骑士,https://movie.douban.com/subject/1851857/,1188420,2008,美国 英国,动作 科幻 犯罪 惊悚,68.2,25.5,5.6,0.5,0.2
指环王3：王者无敌,https://movie.douban.com/subject/1291552/,906478,2003,美国 新西兰,动作 奇幻 冒险,71.3,23.3,4.9,0.4,0.2
我不是药神,https://movie.douban.com/subject/26752088/,2342356,2018,中国大陆,喜剧,58.8,33.7,6.8,0.5,0.2
乱世佳人,https://movie.douban.com/subject/1300267/,791235,1939,美国,历史 爱情 战争,70.9,24.4,4.2,0.3,0.2
飞屋环游记,https://movie.douban.com/subject/2129039/,1493981,2009,美国,喜剧 动画 冒险,61.4,32.0,6.2,0.3,0.1
让子弹飞,https://movie.douban.com/subject/3742360/,1913577,2010,中国大陆 中国香港,喜剧 动作 西部,61.2,30.2,7.6,0.7,0.3
哈尔的移动城堡,https://movie.douban.com/subject/1308807/,1284133,2004,日本,爱情 动画 奇幻 冒险,63.8,29.0,6.5,0.5,0.2
十二怒汉,https://movie.douban.com/subject/1293182/,576133,1957,美国,未知,76.1,20.6,3.0,0.2,0.1
海蒂和爷爷,https://movie.douban.com/subject/25958717/,775608,2015,德国 瑞士,冒险 家庭,69.8,25.4,4.4,0.3,0.1
素媛,https://movie.douban.com/subject/21937452/,773216,2013,韩国,未知,69.6,26.3,3.7,0.2,0.1
猫鼠游戏,https://movie.douban.com/subject/1305487/,1204789,2002,美国 加拿大,传记 犯罪,61.5,33.1,5.1,0.2,0.1
天空之城,https://movie.douban.com/subject/1291583/,1005202,1986,日本,动画 奇幻 冒险,65.0,29.2,5.4,0.3,0.1
鬼子来了,https://movie.douban.com/subject/1291858/,712272,2000,中国大陆,喜剧,71.3,23.8,4.3,0.3,0.2
摔跤吧！爸爸,https://movie.douban.com/subject/26387939/,1739319,2016,印度,传记 运动 家庭,59.4,33.1,6.9,0.5,0.2
少年派的奇幻漂流,https://movie.douban.com/subject/1929463/,1485268,2012,美国 中国台湾 英国 加拿大,奇幻 冒险,61.6,31.3,6.5,0.5,0.2
钢琴家,https://movie.douban.com/subject/1296736/,747317,2002,英国 法国 波兰 德国 美国,传记 战争 音乐,68.2,27.4,4.0,0.2,0.2
指环王2：双塔奇兵,https://movie.douban.com/subject/1291572/,853637,2002,美国 新西兰,动作 奇幻 冒险,67.1,26.8,5.6,0.4,0.1
死亡诗社,https://movie.douban.com/subject/1291548/,876709,1989,美国,未知,66.8,26.9,5.6,0.5,0.2
大话西游之月光宝盒,https://movie.douban.com/subject/1299398/,1361164,1995,中国香港 中国大陆,喜剧 爱情 奇幻 古装,60.5,31.2,7.4,0.6,0.3
绿皮书,https://movie.douban.com/subject/27060077/,1884810,2018,美国 中国大陆,喜剧 传记 音乐,55.3,37.1,7.1,0.4,0.1
何以为家,https://movie.douban.com/subject/30170448/,1159171,2018,黎巴嫩 美国 法国 塞浦路斯 卡塔尔 英国,未知,60.2,33.8,5.5,0.4,0.1
闻香识女人,https://movie.douban.com/subject/1298624/,1018873,1992,美国,未知,63.1,30.0,6.3,0.5,0.2
大闹天宫,https://movie.douban.com/subject/1418019/,507581,1961,中国大陆,动画 奇幻 古装,75.0,20.6,3.9,0.3,0.2
黑客帝国,https://movie.douban.com/subject/1291843/,946527,1999,美国,动作 科幻,63.6,29.5,6.3,0.5,0.2
指环王1：护戒使者,https://movie.douban.com/subject/1291571/,956218,2001,新西兰 美国 英国,动作 奇幻 冒险,63.9,28.6,6.8,0.6,0.2
罗马假日,https://movie.douban.com/subject/1293839/,1045328,1953,美国,喜剧  爱情,60.8,32.4,6.4,0.3,0.1
教父2,https://movie.douban.com/subject/1299131/,637045,1974,美国,犯罪,69.0,25.9,4.6,0.3,0.2
狮子王,https://movie.douban.com/subject/1301753/,957280,1994,美国,动画 冒险 歌舞,61.6,31.7,6.2,0.3,0.1
天堂电影院,https://movie.douban.com/subject/1291828/,738714,1988,意大利 法国,爱情,66.0,27.9,5.5,0.4,0.1
饮食男女,https://movie.douban.com/subject/1291818/,722043,1994,中国台湾 美国,家庭,64.5,30.4,4.7,0.3,0.1
辩护人,https://movie.douban.com/subject/21937445/,656062,2013,韩国,未知,66.4,28.7,4.6,0.3,0.1
本杰明·巴顿奇事,https://movie.douban.com/subject/1485260/,1101614,2008,美国,爱情 奇幻,58.6,33.3,7.4,0.5,0.1
搏击俱乐部,https://movie.douban.com/subject/1292000/,970443,1999,美国,动作 悬疑 惊悚,61.7,29.8,7.3,0.8,0.4
美丽心灵,https://movie.douban.com/subject/1306029/,851342,2001,美国,传记,60.0,33.4,6.1,0.4,0.1
穿条纹睡衣的男孩,https://movie.douban.com/subject/3008247/,639822,2008,英国 美国,战争,63.6,31.3,4.6,0.3,0.2
情书,https://movie.douban.com/subject/1292220/,1320841,1995,日本,爱情,56.7,32.7,9.3,1.0,0.3
哈利·波特与死亡圣器(下),https://movie.douban.com/subject/3011235/,967406,2011,美国 英国,奇幻 冒险,60.2,31.0,8.0,0.6,0.2
两杆大烟枪,https://movie.douban.com/subject/1293350/,675574,1998,英国,喜剧 犯罪,64.3,29.0,5.9,0.5,0.2
窃听风暴,https://movie.douban.com/subject/1900841/,630192,2006,德国,悬疑,64.6,29.4,5.4,0.4,0.2
音乐之声,https://movie.douban.com/subject/1294408/,682117,1965,美国,传记 爱情 歌舞,62.8,30.7,6.1,0.3,0.1
功夫,https://movie.douban.com/subject/1291543/,1330974,2004,中国大陆 中国香港,动作 喜剧 犯罪 奇幻,55.9,33.4,9.8,0.8,0.2
哈利·波特与阿兹卡班的囚徒,https://movie.douban.com/subject/1291544/,887668,2004,英国 美国,奇幻 冒险,58.6,33.4,7.6,0.4,0.1
西西里的美丽传说,https://movie.douban.com/subject/1292402/,1090358,2000,意大利 美国,战争 情色,55.4,36.4,7.4,0.5,0.2
阿凡达,https://movie.douban.com/subject/1652587/,1581897,2009,美国,动作 科幻 冒险,54.4,34.7,9.9,0.8,0.3
看不见的客人,https://movie.douban.com/subject/26580232/,1436287,2016,西班牙,犯罪 悬疑 惊悚,48.8,41.5,9.1,0.5,0.1
拯救大兵瑞恩,https://movie.douban.com/subject/1292849/,722756,1998,美国,战争,60.5,32.6,6.2,0.4,0.2
沉默的羔羊,https://movie.douban.com/subject/1293544/,1013170,1991,美国,犯罪 惊悚,54.9,37.0,7.5,0.4,0.1
小鞋子,https://movie.douban.com/subject/1303021/,463953,1997,伊朗,儿童 家庭,66.9,28.4,4.3,0.2,0.1
布达佩斯大饭店,https://movie.douban.com/subject/11525673/,1082228,2014,美国 德国 英国,喜剧 冒险,55.3,35.7,8.1,0.7,0.2
蝴蝶效应,https://movie.douban.com/subject/1292343/,1064830,2004,美国 加拿大,悬疑 科幻 惊悚,54.2,37.1,7.9,0.6,0.2
飞越疯人院,https://movie.douban.com/subject/1292224/,602166,1975,美国,未知,63.4,29.7,6.1,0.6,0.2
禁闭岛,https://movie.douban.com/subject/2334904/,1109477,2010,美国,悬疑 惊悚,52.7,38.9,7.7,0.5,0.1
还有明天,https://movie.douban.com/subject/36445098/,365458,2023,意大利,喜剧 历史,73.7,21.2,4.2,0.6,0.4
心灵捕手,https://movie.douban.com/subject/1292656/,813059,1997,美国,未知,56.6,35.5,7.3,0.5,0.2
致命魔术,https://movie.douban.com/subject/1780330/,962112,2006,英国 美国,悬疑 惊悚,54.5,36.8,7.9,0.6,0.2
低俗小说,https://movie.douban.com/subject/1291832/,956778,1994,美国,喜剧 犯罪,55.8,34.4,8.7,0.9,0.3
超脱,https://movie.douban.com/subject/5322596/,720841,2011,美国,未知,59.3,32.3,7.4,0.7,0.2
哈利·波特与密室,https://movie.douban.com/subject/1296996/,913901,2002,英国 美国,奇幻 冒险,54.5,36.5,8.4,0.4,0.1
一一,https://movie.douban.com/subject/1292434/,507104,2000,中国台湾 日本,爱情 家庭,66.4,25.7,6.7,0.9,0.4
喜剧之王,https://movie.douban.com/subject/1302425/,1092200,1999,中国香港,喜剧  爱情,52.3,37.9,9.1,0.6,0.1
摩登时代,https://movie.douban.com/subject/1294371/,345980,1936,美国,喜剧 爱情,71.0,24.8,3.8,0.2,0.1
杀人回忆,https://movie.douban.com/subject/1300299/,834883,2003,韩国,动作 犯罪 悬疑 惊悚,55.0,36.8,7.4,0.6,0.2
致命ID,https://movie.douban.com/subject/1297192/,946046,2003,美国,悬疑 惊悚,53.1,38.3,7.8,0.6,0.2
春光乍泄,https://movie.douban.com/subject/1292679/,708156,1997,中国香港 日本 韩国,爱情 同性,57.9,33.5,7.7,0.6,0.3
加勒比海盗,https://movie.douban.com/subject/1298070/,966533,2003,美国,动作 冒险 奇幻,52.4,38.3,8.7,0.5,0.1
海豚湾,https://movie.douban.com/subject/3442220/,381996,2009,美国,纪录片,71.4,22.8,4.9,0.6,0.4
美国往事,https://movie.douban.com/subject/1292262/,470693,1984,美国 意大利,犯罪,65.3,27.3,6.2,0.7,0.4
红辣椒,https://movie.douban.com/subject/1865703/,568243,2006,日本,动画 悬疑 科幻 惊悚,61.4,30.2,7.3,0.8,0.3
七宗罪,https://movie.douban.com/subject/1292223/,1059504,1995,美国,犯罪 悬疑 惊悚,51.0,39.1,9.0,0.6,0.2
唐伯虎点秋香,https://movie.douban.com/subject/1306249/,1222310,1993,中国香港,喜剧 爱情 古装,49.2,40.0,10.0,0.6,0.1
狩猎,https://movie.douban.com/subject/6985810/,469135,2012,丹麦 瑞典,未知,62.6,31.1,5.4,0.5,0.4
幽灵公主,https://movie.douban.com/subject/1297359/,668272,1997,日本,动画 奇幻 冒险,56.6,34.5,8.2,0.6,0.2
甜蜜蜜,https://movie.douban.com/subject/1305164/,671493,1996,中国香港,爱情,55.6,36.0,7.7,0.5,0.2
寄生虫,https://movie.douban.com/subject/27010768/,1545640,2019,韩国,未知,50.4,40.9,7.9,0.6,0.3
天书奇谭,https://movie.douban.com/subject/1428581/,334059,1983,中国大陆,动画 奇幻,68.8,25.5,5.1,0.4,0.2
蝙蝠侠：黑暗骑士崛起,https://movie.douban.com/subject/3395373/,813053,2012,美国 英国,动作 科幻 犯罪 惊悚,54.3,35.8,8.9,0.7,0.2
7号房的礼物,https://movie.douban.com/subject/10777687/,621275,2013,韩国,喜剧 家庭,57.4,33.5,8.0,0.8,0.3
超能陆战队,https://movie.douban.com/subject/11026735/,1143356,2014,美国,喜剧 动作 科幻 动画 冒险,49.4,40.1,9.8,0.6,0.1
第六感,https://movie.douban.com/subject/1297630/,636336,1999,美国,悬疑 惊悚,54.9,37.0,7.5,0.5,0.1
茶馆,https://movie.douban.com/subject/1461403/,207954,1982,中国大陆,历史,80.6,16.8,2.4,0.2,0.1
爱在黎明破晓前,https://movie.douban.com/subject/1296339/,799087,1995,美国 奥地利 瑞士,爱情,54.4,34.4,9.8,1.0,0.3
爱在日落黄昏时,https://movie.douban.com/subject/1291990/,652434,2004,美国 法国,爱情,56.5,33.7,8.6,0.8,0.3
被嫌弃的松子的一生,https://movie.douban.com/subject/1787291/,774427,2006,日本,歌舞,55.0,34.0,9.3,1.2,0.5
哈利·波特与火焰杯,https://movie.douban.com/subject/1309055/,800394,2005,英国 美国,悬疑 奇幻 冒险,52.2,37.5,9.6,0.6,0.1
头脑特工队,https://movie.douban.com/subject/10533913/,804514,2015,美国,喜剧 动画 冒险,53.9,35.7,9.6,0.7,0.2
未麻的部屋,https://movie.douban.com/subject/1395091/,424647,1997,日本,犯罪 动画 悬疑 惊悚,62.3,30.6,6.2,0.6,0.3
重庆森林,https://movie.douban.com/subject/1291999/,921799,1994,中国香港,爱情,51.3,37.6,9.9,0.9,0.3
借东西的小人阿莉埃蒂,https://movie.douban.com/subject/4202302/,627172,2010,日本,动画 奇幻 冒险,54.4,37.3,7.8,0.4,0.1
入殓师,https://movie.douban.com/subject/2149806/,742496,2008,日本,未知,53.0,37.7,8.6,0.6,0.2
菊次郎的夏天,https://movie.douban.com/subject/1293359/,672954,1999,日本,喜剧,54.6,35.7,8.7,0.8,0.2
断背山,https://movie.douban.com/subject/1418834/,782097,2005,美国 加拿大,爱情 同性 家庭,53.5,35.6,9.7,0.8,0.4
剪刀手爱德华,https://movie.douban.com/subject/1292370/,1119839,1990,美国,爱情 奇幻,48.2,39.9,10.9,0.8,0.2
勇敢的心,https://movie.douban.com/subject/1294639/,605306,1995,美国,动作 传记  历史 战争,56.3,34.1,8.7,0.7,0.2
时空恋旅人,https://movie.douban.com/subject/10577869/,791946,2013,英国 美国,喜剧 爱情 奇幻,52.8,36.2,9.9,0.8,0.2
驯龙高手,https://movie.douban.com/subject/2353023/,864488,2010,美国,动画 奇幻 冒险,49.8,40.4,9.3,0.4,0.1
消失的爱人,https://movie.douban.com/subject/21318488/,1072526,2014,美国,犯罪 悬疑 惊悚,47.7,42.6,8.9,0.6,0.2
无人知晓,https://movie.douban.com/subject/1292337/,372116,2004,日本,未知,62.5,31.8,5.1,0.4,0.2
倩女幽魂,https://movie.douban.com/subject/1297447/,835236,1987,中国香港,爱情 奇幻 武侠 古装,49.3,40.9,9.2,0.5,0.1
傲慢与偏见,https://movie.douban.com/subject/1418200/,933054,2005,法国 英国 美国,爱情,49.3,39.4,10.3,0.8,0.2
新世界,https://movie.douban.com/subject/10437779/,526965,2013,韩国,犯罪,55.9,36.0,7.4,0.5,0.2
花样年华,https://movie.douban.com/subject/1291557/,804261,2000,中国香港,爱情,50.6,39.3,9.2,0.7,0.2
玩具总动员3,https://movie.douban.com/subject/1858711/,592282,2010,美国,喜剧 动画 奇幻 冒险,55.8,35.1,8.6,0.4,0.1
一个叫欧维的男人决定去死,https://movie.douban.com/subject/26628357/,568513,2015,瑞典,未知,54.6,37.3,7.5,0.5,0.1
完美的世界,https://movie.douban.com/subject/1300992/,359989,1993,美国,犯罪,63.2,30.4,5.7,0.5,0.2
色，戒,https://movie.douban.com/subject/1828115/,960242,2007,中国台湾 中国大陆 美国 中国香港,爱情 情色,49.5,38.6,10.8,0.8,0.3
阳光灿烂的日子,https://movie.douban.com/subject/1291875/,695376,1994,中国大陆 中国香港,爱情,52.5,37.7,8.8,0.7,0.3
怪兽电力公司,https://movie.douban.com/subject/1291579/,769871,2001,美国,儿童 喜剧 动画 奇幻 冒险,49.7,40.7,9.2,0.4,0.1
小森林 夏秋篇,https://movie.douban.com/subject/25814705/,473148,2014,日本,未知,59.1,32.5,7.5,0.6,0.2
天使爱美丽,https://movie.douban.com/subject/1292215/,1020713,2001,法国 德国,喜剧 爱情,50.0,36.7,11.8,1.2,0.3
教父3,https://movie.douban.com/subject/1294240/,432089,1990,美国,犯罪,60.2,31.8,7.3,0.6,0.2
侧耳倾听,https://movie.douban.com/subject/1297052/,520367,1995,日本,爱情 动画,56.3,34.7,8.3,0.5,0.1
哪吒闹海,https://movie.douban.com/subject/1307315/,308120,1979,中国大陆,冒险 动画 奇幻,66.9,26.8,5.8,0.4,0.1
九品芝麻官,https://movie.douban.com/subject/1297518/,793740,1994,中国香港,喜剧 古装,49.0,41.1,9.4,0.4,0.1
被解救的姜戈,https://movie.douban.com/subject/6307447/,692037,2012,美国,动作 西部 冒险,52.0,38.9,8.3,0.6,0.2
请以你的名字呼唤我,https://movie.douban.com/subject/26799731/,823986,2017,意大利 法国 巴西 美国,爱情 同性,54.8,33.3,10.1,1.2,0.5
幸福终点站,https://movie.douban.com/subject/1292274/,641926,2004,美国,喜剧  爱情,52.1,38.6,8.5,0.6,0.1
釜山行,https://movie.douban.com/subject/25986180/,1349574,2016,韩国,动作 惊悚 灾难,44.1,43.9,10.9,0.8,0.3
神偷奶爸,https://movie.douban.com/subject/3287562/,1046407,2010,美国 法国,喜剧 动画 冒险,45.6,43.3,10.5,0.5,0.1
小森林 冬春篇,https://movie.douban.com/subject/25814707/,420470,2015,日本,未知,60.1,32.0,7.1,0.6,0.2
喜宴,https://movie.douban.com/subject/1303037/,431470,1993,中国台湾 美国,喜剧 爱情 同性 家庭,56.4,37.3,5.8,0.4,0.2
萤火之森,https://movie.douban.com/subject/5989818/,610733,2011,日本,爱情 动画 奇幻,54.5,34.2,10.1,0.9,0.3
告白,https://movie.douban.com/subject/4268598/,743735,2010,日本,悬疑,51.9,37.0,9.5,1.1,0.5
玛丽和麦克斯,https://movie.douban.com/subject/3072124/,470648,2009,澳大利亚 美国,喜剧 动画,57.9,33.1,8.0,0.8,0.3
七武士,https://movie.douban.com/subject/1295399/,235538,1954,日本,动作 冒险,71.6,23.2,4.5,0.5,0.3
头号玩家,https://movie.douban.com/subject/4920389/,1516488,2018,美国,动作 科幻 冒险,48.1,38.0,12.1,1.3,0.4
模仿游戏,https://movie.douban.com/subject/10463953/,720028,2014,英国 美国,传记 战争 同性,49.1,41.1,9.2,0.5,0.1
惊魂记,https://movie.douban.com/subject/1293181/,356345,1960,美国,悬疑 惊悚 恐怖,59.1,34.2,6.1,0.4,0.2
大鱼,https://movie.douban.com/subject/1291545/,626943,2003,美国,爱情 奇幻 冒险,51.8,37.1,9.9,0.9,0.3
心灵奇旅,https://movie.douban.com/subject/24733428/,1142241,2020,美国,动画 奇幻 音乐,48.9,38.4,11.8,0.8,0.2
射雕英雄传之东成西就,https://movie.douban.com/subject/1316510/,717972,1993,中国香港,喜剧 奇幻 武侠 古装,52.9,33.2,11.5,1.7,0.7
血战钢锯岭,https://movie.douban.com/subject/26325320/,859640,2016,澳大利亚 美国,传记 历史 战争,46.4,41.6,10.8,0.9,0.2
背靠背，脸对脸,https://movie.douban.com/subject/1307856/,179789,1994,中国大陆 中国香港,未知,75.7,21.6,2.3,0.2,0.1
你的名字。,https://movie.douban.com/subject/26683290/,1592708,2016,日本,爱情 动画,43.5,38.7,15.8,1.6,0.4
机器人之梦,https://movie.douban.com/subject/35426925/,436585,2023,西班牙 法国,动画 音乐,61.8,31.0,6.4,0.6,0.2
我是山姆,https://movie.douban.com/subject/1306861/,376578,2001,美国,家庭,57.5,34.6,7.2,0.5,0.2
阳光姐妹淘,https://movie.douban.com/subject/4917726/,638604,2011,韩国,喜剧,51.1,38.0,9.8,0.8,0.2
恐怖直播,https://movie.douban.com/subject/21360417/,728382,2013,韩国,犯罪 悬疑,47.6,41.5,10.0,0.7,0.2
黑客帝国3：矩阵革命,https://movie.douban.com/subject/1302467/,497429,2003,美国,动作 科幻,54.3,35.0,9.7,0.8,0.2
小丑,https://movie.douban.com/subject/27119724/,1125555,2019,美国 加拿大,犯罪 惊悚,51.0,37.3,10.0,1.1,0.6
末路狂花,https://movie.douban.com/subject/1291992/,347115,1991,美国 英国 法国,犯罪  惊悚,59.0,33.1,7.0,0.6,0.2
三块广告牌,https://movie.douban.com/subject/26611804/,920238,2017,英国 美国,犯罪,46.8,43.4,8.9,0.7,0.2
谍影重重3,https://movie.douban.com/subject/1578507/,471033,2007,美国 德国 法国 英国,动作 悬疑 惊悚,52.9,37.8,8.7,0.5,0.1
电锯惊魂,https://movie.douban.com/subject/1417598/,613198,2004,美国,悬疑 惊悚 恐怖,51.0,37.0,10.6,1.0,0.4
高山下的花环,https://movie.douban.com/subject/1422283/,158830,1984,中国大陆,战争,79.6,16.7,3.1,0.3,0.2
无间道2,https://movie.douban.com/subject/1307106/,567183,2003,中国香港,犯罪 惊悚,50.0,39.7,9.6,0.6,0.1
达拉斯买家俱乐部,https://movie.douban.com/subject/1793929/,506060,2013,美国,传记 同性,50.4,41.6,7.5,0.4,0.1
疯狂原始人,https://movie.douban.com/subject/1907966/,921450,2013,美国,喜剧 动画 冒险,46.7,41.3,11.2,0.6,0.1
绿里奇迹,https://movie.douban.com/subject/1300374/,388403,1999,美国,犯罪  奇幻 悬疑,56.6,34.0,8.4,0.8,0.3
爱在午夜降临前,https://movie.douban.com/subject/10808442/,473591,2013,美国 希腊,爱情,54.6,35.0,9.2,0.9,0.3
疯狂的石头,https://movie.douban.com/subject/1862151/,926273,2006,中国大陆 中国香港,喜剧 犯罪,44.3,42.8,11.7,0.9,0.2
雨中曲,https://movie.douban.com/subject/1293460/,268870,1952,美国,喜剧 歌舞 爱情,63.4,30.2,5.9,0.4,0.2
2001太空漫游,https://movie.douban.com/subject/1292226/,396578,1968,英国 美国,科幻 惊悚 冒险,60.2,28.4,8.9,1.6,0.9
海街日记,https://movie.douban.com/subject/25895901/,521243,2015,日本,家庭,50.4,40.2,8.7,0.6,0.1
风之谷,https://movie.douban.com/subject/1291585/,393725,1984,日本,动画 奇幻 冒险,55.8,34.9,8.6,0.5,0.2
上帝之城,https://movie.douban.com/subject/1292208/,333535,2002,巴西 法国,犯罪,58.4,33.9,6.9,0.5,0.2
心迷宫,https://movie.douban.com/subject/25917973/,617778,2014,中国大陆,犯罪 悬疑,48.1,42.4,8.6,0.7,0.3
英雄本色,https://movie.douban.com/subject/1297574/,606393,1986,中国香港,动作 犯罪,44.5,43.5,11.4,0.5,0.1
记忆碎片,https://movie.douban.com/subject/1304447/,669122,2000,美国,犯罪  悬疑 惊悚,47.2,41.2,10.4,0.9,0.3
纵横四海,https://movie.douban.com/subject/1295409/,473836,1991,中国香港,喜剧 动作 犯罪,51.7,37.7,9.6,0.8,0.2
无敌破坏王,https://movie.douban.com/subject/6534248/,612358,2012,美国,喜剧 动画 奇幻 冒险,48.7,40.3,10.3,0.6,0.1
卢旺达饭店,https://movie.douban.com/subject/1291822/,367326,2004,英国 南非 意大利 美国,传记 历史 战争,54.1,38.3,7.0,0.5,0.2
东京教父,https://movie.douban.com/subject/1310177/,291372,2003,日本,喜剧 动画,59.6,32.9,6.8,0.5,0.2
小偷家族,https://movie.douban.com/subject/27622447/,895563,2018,日本,犯罪 家庭,45.1,44.7,9.4,0.7,0.2
恐怖游轮,https://movie.douban.com/subject/3011051/,990189,2009,英国 澳大利亚,科幻 悬疑 奇幻 惊悚,43.1,42.6,12.8,1.2,0.3
牯岭街少年杀人事件,https://movie.douban.com/subject/1292329/,369408,1991,中国台湾,犯罪,57.7,31.9,8.7,1.2,0.5
冰川时代,https://movie.douban.com/subject/1291578/,686229,2002,美国,喜剧 动画 冒险,44.5,44.3,10.6,0.5,0.1
魔女宅急便,https://movie.douban.com/subject/1307811/,524928,1989,日本,动画 奇幻 冒险,48.1,41.7,9.7,0.4,0.1
芙蓉镇,https://movie.douban.com/subject/1297880/,190013,1987,中国大陆,爱情,69.5,26.1,4.0,0.3,0.2
忠犬八公物语,https://movie.douban.com/subject/1959195/,218804,1987,日本,未知,66.0,27.7,5.7,0.5,0.2
岁月神偷,https://movie.douban.com/subject/3792799/,612874,2010,中国香港 中国大陆,家庭,48.6,39.8,10.7,0.8,0.2
荒蛮故事,https://movie.douban.com/subject/24750126/,517983,2014,阿根廷 西班牙,喜剧 犯罪,48.1,41.9,9.1,0.7,0.2
遗愿清单,https://movie.douban.com/subject/1867345/,538803,2007,美国,冒险 喜剧,47.6,41.2,10.5,0.7,0.1
大佛普拉斯,https://movie.douban.com/subject/27059130/,554386,2017,中国台湾,喜剧,48.6,41.1,9.0,0.9,0.4
源代码,https://movie.douban.com/subject/3075287/,926466,2011,美国 加拿大,科幻 悬疑 惊悚,40.9,47.0,11.4,0.6,0.1
花束般的恋爱,https://movie.douban.com/subject/34874432/,828034,2021,日本,爱情,45.1,41.8,11.7,1.1,0.4
疯狂的麦克斯4：狂暴之路,https://movie.douban.com/subject/3592854/,618976,2015,澳大利亚 美国,动作 科幻 冒险,49.9,37.0,11.3,1.3,0.5
白日梦想家,https://movie.douban.com/subject/2133323/,648147,2013,美国 英国,喜剧 冒险,47.1,39.3,12.3,1.1,0.2
可可西里,https://movie.douban.com/subject/1308857/,346781,2004,中国大陆 中国香港,犯罪,54.1,37.3,7.9,0.5,0.2
你看起来好像很好吃,https://movie.douban.com/subject/4848115/,376036,2010,日本,动画 儿童,55.1,35.1,8.9,0.7,0.2
贫民窟的百万富翁,https://movie.douban.com/subject/2209573/,807228,2008,英国,爱情,42.9,44.7,11.5,0.7,0.2
爱乐之城,https://movie.douban.com/subject/25934014/,1115446,2016,美国,爱情 歌舞,43.7,37.8,15.8,2.2,0.6
波西米亚狂想曲,https://movie.douban.com/subject/5300054/,690471,2018,英国 美国,传记 同性 音乐,47.7,38.7,12.1,1.2,0.3
城市之光,https://movie.douban.com/subject/1293908/,173076,1931,美国,喜剧  爱情,70.4,25.1,4.1,0.3,0.2
爆裂鼓手,https://movie.douban.com/subject/25773932/,691517,2014,美国,音乐,46.9,40.2,11.2,1.2,0.5
东邪西毒,https://movie.douban.com/subject/1292328/,635755,1994,中国香港 中国台湾,动作 爱情 武侠 古装,47.7,38.3,12.1,1.4,0.5
青蛇,https://movie.douban.com/subject/1303394/,601609,1993,中国香港 中国大陆,爱情 奇幻 古装,45.8,41.9,11.4,0.8,0.2
哈利·波特与死亡圣器(上),https://movie.douban.com/subject/2051007/,696382,2010,英国 美国,奇幻 冒险,45.3,40.2,13.1,1.1,0.3
无耻混蛋,https://movie.douban.com/subject/1438652/,562852,2009,德国 美国,犯罪,47.0,41.6,10.1,0.9,0.3
终结者2：审判日,https://movie.douban.com/subject/1291844/,386237,1991,美国 法国,动作 科幻,51.7,38.3,9.5,0.4,0.1
大红灯笼高高挂,https://movie.douban.com/subject/1293323/,372310,1991,中国大陆 中国香港 中国台湾,未知,50.6,41.3,7.5,0.5,0.2
黑天鹅,https://movie.douban.com/subject/1978709/,847288,2010,美国,惊悚,42.3,45.0,11.6,0.8,0.3
新龙门客栈,https://movie.douban.com/subject/1292287/,510388,1992,中国香港 中国大陆,动作 爱情 武侠 古装,46.0,43.3,9.9,0.6,0.1
初恋这件小事,https://movie.douban.com/subject/4739952/,1052218,2010,泰国,喜剧 爱情,42.4,41.5,14.5,1.3,0.3
人工智能,https://movie.douban.com/subject/1302827/,502950,2001,美国,科幻,48.8,38.3,11.4,1.2,0.3
千钧一发,https://movie.douban.com/subject/1300117/,350747,1997,美国,科幻 惊悚,51.6,39.3,8.4,0.5,0.1
崖上的波妞,https://movie.douban.com/subject/1959877/,575878,2008,日本,动画 奇幻 冒险,45.9,41.1,11.9,0.8,0.2
雨人,https://movie.douban.com/subject/1291870/,443366,1988,美国,未知,47.2,43.1,9.1,0.5,0.1
虎口脱险,https://movie.douban.com/subject/1296909/,296529,1966,法国 英国,喜剧 战争,57.1,32.9,8.9,0.8,0.3
哈利·波特与凤凰社,https://movie.douban.com/subject/1457217/,696181,2007,英国 美国,奇幻 冒险,44.5,40.3,14.0,1.0,0.2
彗星来的那一夜,https://movie.douban.com/subject/25807345/,685156,2013,美国 英国,科幻 悬疑 惊悚,44.0,42.6,11.8,1.2,0.4
罗生门,https://movie.douban.com/subject/1291879/,358659,1950,日本,犯罪 悬疑,51.9,38.1,9.0,0.8,0.3
海边的曼彻斯特,https://movie.douban.com/subject/25980443/,653303,2016,美国,家庭,43.9,43.3,11.5,1.0,0.2
恋恋笔记本,https://movie.douban.com/subject/1309163/,748587,2004,美国,爱情,44.2,40.0,13.9,1.5,0.4
真爱至上,https://movie.douban.com/subject/1292401/,808948,2003,英国 美国 法国,喜剧  爱情,45.1,38.0,14.6,1.8,0.6
火星救援,https://movie.douban.com/subject/25864085/,833228,2015,英国 美国 匈牙利 约旦,科幻 冒险,40.0,47.9,11.3,0.6,0.2
黑客帝国2：重装上阵,https://movie.douban.com/subject/1304141/,455909,2003,美国,动作 科幻,47.7,40.3,11.0,0.9,0.2
步履不停,https://movie.douban.com/subject/2222996/,328206,2008,日本,家庭,50.9,40.0,8.2,0.6,0.2
冰雪奇缘,https://movie.douban.com/subject/4202982/,829974,2013,美国,喜剧 动画 奇幻 歌舞,40.6,45.3,13.1,0.8,0.2
奇迹男孩,https://movie.douban.com/subject/26787574/,601119,2017,美国 中国香港,儿童 家庭,42.7,44.4,12.1,0.7,0.1
千年女优,https://movie.douban.com/subject/1307394/,318485,2001,日本,动画  爱情,53.8,35.3,9.6,0.9,0.3
战争之王,https://movie.douban.com/subject/1419936/,415824,2005,美国 德国,犯罪,46.7,42.5,10.0,0.6,0.1
谍影重重2,https://movie.douban.com/subject/1308767/,400135,2004,美国 德国,动作 悬疑 惊悚,47.1,42.4,9.8,0.5,0.1
蜘蛛侠：平行宇宙,https://movie.douban.com/subject/26374197/,757514,2018,美国,动作 科幻 动画 冒险,44.1,42.2,12.5,0.9,0.2
攻壳机动队,https://movie.douban.com/subject/1291936/,218322,1995,日本,动作 科幻 动画,60.7,31.2,7.1,0.7,0.3
血钻,https://movie.douban.com/subject/1428175/,422185,2006,美国 德国 英国,惊悚 冒险,44.8,45.1,9.5,0.5,0.1
小姐,https://movie.douban.com/subject/25977027/,576431,2016,韩国,悬疑 情色 同性,43.0,43.1,12.6,1.1,0.3
隐藏人物,https://movie.douban.com/subject/26615208/,272576,2016,美国,传记 历史,53.2,38.7,7.5,0.5,0.2
魂断蓝桥,https://movie.douban.com/subject/1293964/,310924,1940,美国,爱情 战争,50.6,39.7,9.0,0.6,0.2
血观音,https://movie.douban.com/subject/27113517/,561029,2017,中国台湾,悬疑,42.5,45.1,11.2,0.9,0.3
房间,https://movie.douban.com/subject/25724855/,400269,2015,爱尔兰 加拿大 英国 美国,家庭,47.2,43.7,8.5,0.4,0.1
